leading_item_id,following_item_id,value
XIIEJNEE,GMBFCMIU,137912
RJCAXSGH,KFQSHBNH,10057792
FTSVTTSR,RUVXNNVA,137985
NAQIHUKZ,RUVXNNVA,138192
GMBFCMIU,DJBLNPNC,139780
XIIEJNEE,IGDVVKUD,152471
XIIEJNEE,DJBLNPNC,139779
NAQIHUKZ,FTSVTTSR,320931
NAQIHUKZ,LLHREMKS,181779
RUVXNNVA,LLHREMKS,181787
FTSVTTSR,LLHREMKS,181571
BLANHGYY,BSRMSVTC,469987
QSDCUCLB,IGDVVKUD,152471
KFQSHBNH,RJCAXSGH,4626872
QRKRBYJL,QVLMOEYE,1082645
XUOIQPFL,QVLMOEYE,1081139
DJBLNPNC,FDXPMYGF,140575
JSLXRQOK,FTSVTTSR,320888
JSLXRQOK,RUVXNNVA,138191
IGDVVKUD,GMBFCMIU,138179
GMBFCMIU,FDXPMYGF,140578
ATLDMDBO,QRKRBYJL,2256493
GMBFCMIU,ANWUJOKX,138192
ZKENOUDA,DEWLVASR,561911
QSDCUCLB,GMBFCMIU,138192
QSDCUCLB,DJBLNPNC,139780
JSLXRQOK,LLHREMKS,181770
OGAFEHLU,QVLMOEYE,1086266
IGDVVKUD,DJBLNPNC,139774
QSDCUCLB,XIIEJNEE,178242
QRKRBYJL,ATLDMDBO,43513430
QRKRBYJL,DNMPSKTB,4920885
BSRMSVTC,TANNMIMB,138084
LRVGFDFM,QVLMOEYE,1066679
JSLXRQOK,NAQIHUKZ,138187
DJBLNPNC,BSRMSVTC,469995
QVLMOEYE,DNMPSKTB,4927282
FWUCPMMW,LLHREMKS,181787
XUOIQPFL,SDWAYPIK,5826973
UGEQLMXM,QVLMOEYE,1086112
QVLMOEYE,QRKRBYJL,2306450
UGEQLMXM,GMBFCMIU,138038
VBYCLTYZ,QVLMOEYE,1086140
QVLMOEYE,AXULOHBQ,188489
XIFHSOWQ,XIPPENFQ,260858
XIIEJNEE,BTMOEMEP,14634292
VWMBASNE,MIRCVAMV,194518
OGAFEHLU,QRKRBYJL,2307971
DEWLVASR,KFQSHBNH,10064184
DNMPSKTB,QVLMOEYE,1078400
GMBFCMIU,BLANHGYY,186162
QRKRBYJL,AXULOHBQ,182229
VBYCLTYZ,ATLDMDBO,43516925
SDWAYPIK,QVLMOEYE,1079671
QRKRBYJL,GYHKIVQT,19262427
DNMPSKTB,QRKRBYJL,2300106
SDWAYPIK,GYHKIVQT,19259453
SAHWCZNH,XIFHSOWQ,183929
UGEQLMXM,SDWAYPIK,5831959
FDXPMYGF,LUENUFGA,3517652
BLANHGYY,VMAQSTJE,162730
VBYCLTYZ,BTMOEMEP,14633936
RUVXNNVA,ZXERAXWP,166790
FDXPMYGF,OGAFEHLU,138176
BLANHGYY,OGAFEHLU,138192
DNMPSKTB,GYHKIVQT,19258191
XIFHSOWQ,MIRCVAMV,194604
SAHWCZNH,LUENUFGA,3515525
DEWLVASR,RJCAXSGH,4640102
VBYCLTYZ,QRKRBYJL,2307605
BLANHGYY,FDXPMYGF,140570
SUOYXCHP,TANNMIMB,137839
GYHKIVQT,EVBVXETX,4893204
OGAFEHLU,GYHKIVQT,19266048
ATLDMDBO,QVLMOEYE,1018362
KFQSHBNH,ZXERAXWP,161026
UGEQLMXM,BTMOEMEP,14634063
DNMPSKTB,SDWAYPIK,5824235
FDXPMYGF,HCDTGMST,175827
VWMBASNE,CCLHWFWF,15417414
GYHKIVQT,ZKENOUDA,472958
VBYCLTYZ,DNMPSKTB,4928265
FDXPMYGF,BSRMSVTC,469994
QRKRBYJL,SDWAYPIK,5829932
FDXPMYGF,PLMZALFA,138176
DNMPSKTB,OKMBFVKS,2013729
DNMPSKTB,OGAFEHLU,129684
UGEQLMXM,IGDVVKUD,152366
BTMOEMEP,ATLDMDBO,43498525
PLMZALFA,QSDCUCLB,138197
UGEQLMXM,VBYCLTYZ,627355
LRVGFDFM,IGDVVKUD,104548
XUOIQPFL,QRKRBYJL,2302845
XIPPENFQ,MIRCVAMV,194417
QVLMOEYE,FDXPMYGF,139138
QRKRBYJL,VBYCLTYZ,623888
OGAFEHLU,VBYCLTYZ,627509
XUOIQPFL,OGAFEHLU,132638
VWMBASNE,WBLJNPZQ,294421
GMBFCMIU,BTMOEMEP,14634293
UGEQLMXM,DJBLNPNC,139551
SDWAYPIK,ZKENOUDA,495957
ATLDMDBO,DNMPSKTB,4825626
SAHWCZNH,WPQXWHYO,11580391
XIFHSOWQ,VWMBASNE,233948
LRVGFDFM,VBYCLTYZ,607922
SDWAYPIK,QRKRBYJL,2301377
BSRMSVTC,VMAQSTJE,162426
ATLDMDBO,GYHKIVQT,19162951
VBYCLTYZ,FDXPMYGF,140121
BLANHGYY,PLMZALFA,138192
ZCELVYQU,KFQSHBNH,10062998
OGAFEHLU,ATLDMDBO,43517051
JPBRUTWP,GYHKIVQT,19258357
VUAFAIYJ,LSOIUSXD,365849
WBLJNPZQ,QSDCUCLB,137880
SDWAYPIK,XUOIQPFL,2205610
ATLDMDBO,BTMOEMEP,14582814
OGAFEHLU,UGEQLMXM,324126
JPBRUTWP,QVLMOEYE,1078199
XUOIQPFL,UGEQLMXM,318573
XUOIQPFL,JPBRUTWP,5691117
UGEQLMXM,ANWUJOKX,138038
DNMPSKTB,ATLDMDBO,43506672
BTMOEMEP,QVLMOEYE,1067740
ATLDMDBO,JPBRUTWP,5634391
SDWAYPIK,DNMPSKTB,4923435
WBLJNPZQ,JPBRUTWP,5695903
ELQGMQWE,OKMBFVKS,2020581
AXULOHBQ,SAHWCZNH,1824906
RCBZUSIM,AXULOHBQ,190065
SDWAYPIK,ATLDMDBO,43508734
BUZIIBYG,FWUCPMMW,118958
BLANHGYY,KEUWZRKO,480600
KEUWZRKO,XIFHSOWQ,187333
XIIEJNEE,VBYCLTYZ,627230
EVBVXETX,WPQXWHYO,11573982
LLHREMKS,ZXERAXWP,166737
ELQGMQWE,KFQSHBNH,10063225
LRVGFDFM,JPBRUTWP,5676657
LUENUFGA,XIFHSOWQ,182822
BTMOEMEP,RCBZUSIM,134605
ATLDMDBO,SDWAYPIK,5764196
JPBRUTWP,ATLDMDBO,43508984
IGDVVKUD,SUOYXCHP,138459
LRVGFDFM,QRKRBYJL,2288385
QVLMOEYE,ATLDMDBO,43515597
PLMZALFA,XIPPENFQ,260898
PLMZALFA,XIFHSOWQ,188167
DEWLVASR,ZXERAXWP,166215
UGEQLMXM,QRKRBYJL,2307830
LLHREMKS,FWUCPMMW,151141
LSOIUSXD,WBLJNPZQ,294482
UXSPKBJR,HXYSSRXE,4867065
BTMOEMEP,QRKRBYJL,2296899
GMBFCMIU,GIKPEWTY,138192
ZKENOUDA,RJCAXSGH,4640681
ATLDMDBO,RAWUKQMJ,3795172
WBLJNPZQ,PLMZALFA,137781
AANGBULD,DEWLVASR,562649
SDWAYPIK,OXKURKXR,223531
QSDCUCLB,VBYCLTYZ,627509
ATLDMDBO,VBYCLTYZ,568105
DEWLVASR,ZKENOUDA,503945
VBYCLTYZ,SDWAYPIK,5831734
UXSPKBJR,RCBZUSIM,144975
QRKRBYJL,JPBRUTWP,5692623
XUOIQPFL,ANWUJOKX,131561
AXULOHBQ,KEUWZRKO,480551
LRVGFDFM,GMBFCMIU,118605
BSRMSVTC,QSDCUCLB,138089
LUENUFGA,XIPPENFQ,254081
CCLHWFWF,VWMBASNE,168109
GIKPEWTY,LLHREMKS,181787
LRVGFDFM,OGAFEHLU,90268
DNMPSKTB,UGEQLMXM,315619
DJBLNPNC,BLANHGYY,186162
OGAFEHLU,VWMBASNE,234135
ZGJXVMNI,ZKENOUDA,499828
LUENUFGA,MIRCVAMV,191735
BSRMSVTC,XIFHSOWQ,188060
XUOIQPFL,VBYCLTYZ,620878
HCDTGMST,TANNMIMB,137846
NAQIHUKZ,ZCELVYQU,323506
LRVGFDFM,SDWAYPIK,5784177
IGDVVKUD,BTMOEMEP,14634281
LRVGFDFM,UGEQLMXM,276203
DNMPSKTB,ZGJXVMNI,2465653
DNMPSKTB,JPBRUTWP,5687737
ZKENOUDA,GYHKIVQT,19265520
XUOIQPFL,LRVGFDFM,2971604
LLHREMKS,ZCELVYQU,323401
XUOIQPFL,DNMPSKTB,4925164
FWUCPMMW,FTSVTTSR,320916
QVLMOEYE,VBYCLTYZ,625987
QSDCUCLB,UGEQLMXM,324126
GIKPEWTY,RUVXNNVA,138192
RJCAXSGH,AANGBULD,582779
ZKENOUDA,ZCELVYQU,323374
UXSPKBJR,ATLDMDBO,43516430
IGDVVKUD,HXYSSRXE,4867760
GYHKIVQT,DNMPSKTB,4890118
XIFHSOWQ,LUENUFGA,3517467
ZGJXVMNI,GYHKIVQT,19263787
BLANHGYY,SUOYXCHP,138458
LRVGFDFM,XIIEJNEE,130319
VMAQSTJE,TANNMIMB,138101
ELQGMQWE,FQCLOEXA,2128391
QVLMOEYE,SDWAYPIK,5830578
DNMPSKTB,ZKENOUDA,496802
FWUCPMMW,FDXPMYGF,140578
DBWLZWNK,QVLMOEYE,1085963
SDWAYPIK,VBYCLTYZ,620914
AXULOHBQ,PYZMVUWD,143221
AXULOHBQ,OGAFEHLU,138142
FWUCPMMW,XIIEJNEE,178228
FQCLOEXA,EVBVXETX,4932445
SDWAYPIK,JPBRUTWP,5689649
BSRMSVTC,OGAFEHLU,137527
ZGJXVMNI,SDWAYPIK,5827436
AXULOHBQ,PLMZALFA,138142
VBYCLTYZ,AXULOHBQ,189401
QVLMOEYE,RCBZUSIM,144155
PLMZALFA,TANNMIMB,138192
UGEQLMXM,GYHKIVQT,19265818
HXYSSRXE,EVBVXETX,4924929
LRVGFDFM,ATLDMDBO,43478949
OGAFEHLU,SDWAYPIK,5832100
LLHREMKS,GKQIJYDH,7678092
CCLHWFWF,VUAFAIYJ,809557
VBYCLTYZ,APQGTRMF,171830
DNMPSKTB,XUOIQPFL,2201817
JSLXRQOK,GIKPEWTY,138149
AANGBULD,RJCAXSGH,4640774
RJCAXSGH,ZXERAXWP,159950
FWUCPMMW,RUVXNNVA,138192
ATLDMDBO,HXYSSRXE,4820811
HXYSSRXE,BSRMSVTC,459482
JPBRUTWP,QRKRBYJL,2300132
AXULOHBQ,LUENUFGA,3517605
BTMOEMEP,JPBRUTWP,5669992
ATLDMDBO,ZGJXVMNI,2371638
QRKRBYJL,BTMOEMEP,14630672
UGEQLMXM,ATLDMDBO,43516946
PLMZALFA,VWMBASNE,234135
ZKENOUDA,KJNSOAHR,14340179
XIIEJNEE,QVLMOEYE,1085987
GYHKIVQT,ZGJXVMNI,2450511
JSLXRQOK,XIIEJNEE,178200
AANGBULD,ZKENOUDA,503953
XUOIQPFL,GYHKIVQT,19260921
QVLMOEYE,HXYSSRXE,4866326
ATLDMDBO,LPHPPJUG,1205147
ANWUJOKX,BLANHGYY,186162
UIFPPCLR,GYHKIVQT,19265992
QVLMOEYE,GYHKIVQT,19264216
GMBFCMIU,SNHYOVBM,365261
OKMBFVKS,KFQSHBNH,10062182
HXYSSRXE,DNMPSKTB,4919892
ANWUJOKX,HXYSSRXE,4867766
CCLHWFWF,LSOIUSXD,305048
QVLMOEYE,BTMOEMEP,14632461
KEUWZRKO,LUENUFGA,3517043
NAQIHUKZ,GIKPEWTY,138192
EVBVXETX,SAHWCZNH,1816956
UXSPKBJR,QRKRBYJL,2306934
ZKENOUDA,AANGBULD,588880
BLANHGYY,HCDTGMST,175842
QRKRBYJL,RCBZUSIM,143509
ZGJXVMNI,AANGBULD,583915
IGDVVKUD,VBYCLTYZ,627496
ELQGMQWE,LLHREMKS,180992
QRKRBYJL,LPHPPJUG,1307118
BEZYMBBT,HXYSSRXE,4859529
XUOIQPFL,OXKURKXR,226678
WQMVCOEM,TANNMIMB,137852
XIIEJNEE,SNHYOVBM,365260
XUOIQPFL,ATLDMDBO,43511497
FRHNWLNI,QRKRBYJL,2306008
WPQXWHYO,XIFHSOWQ,171220
MIRCVAMV,LTOYKIML,556877
OGAFEHLU,JPBRUTWP,5696244
CCLHWFWF,OGAFEHLU,103139
KEUWZRKO,WPQXWHYO,11581993
FTSVTTSR,SAAYMURU,165754
ATLDMDBO,AXULOHBQ,128213
FDXPMYGF,SUOYXCHP,138466
RCBZUSIM,DNMPSKTB,4928699
NZKBIBNU,NAQIHUKZ,137931
QKXNTIIB,RUVXNNVA,136721
NAQIHUKZ,SAAYMURU,165962
DNMPSKTB,VBYCLTYZ,619643
OGAFEHLU,UIFPPCLR,237863
FWUCPMMW,NAQIHUKZ,138191
GYHKIVQT,DEWLVASR,520703
SDWAYPIK,UGEQLMXM,315809
KFQSHBNH,KJNSOAHR,14327442
BTMOEMEP,IGDVVKUD,133945
ZCELVYQU,BLANHGYY,184279
HXYSSRXE,FQCLOEXA,2119917
OXKURKXR,ATLDMDBO,43516734
ZGJXVMNI,DNMPSKTB,4924862
DEWLVASR,KJNSOAHR,14340175
AANGBULD,GKQIJYDH,7678158
SDWAYPIK,APQGTRMF,163879
XIFHSOWQ,WPQXWHYO,11582569
QVLMOEYE,WBLJNPZQ,293115
OGAFEHLU,QSDCUCLB,138197
RJCAXSGH,FWUCPMMW,146015
KFQSHBNH,FWUCPMMW,149353
XUOIQPFL,DBWLZWNK,283395
AXULOHBQ,BSRMSVTC,469863
VBYCLTYZ,GYHKIVQT,19265382
SDWAYPIK,OGAFEHLU,129874
OGAFEHLU,IGDVVKUD,152471
FQCLOEXA,SAHWCZNH,1822593
UGEQLMXM,WHPUAOID,168492
ELQGMQWE,AANGBULD,587946
OGAFEHLU,ANWUJOKX,138192
VBYCLTYZ,BLANHGYY,185497
RAWUKQMJ,AXULOHBQ,185097
UGEQLMXM,JPBRUTWP,5696102
BTMOEMEP,GMBFCMIU,111940
DNMPSKTB,LRVGFDFM,2966081
QRKRBYJL,HXYSSRXE,4866642
BTMOEMEP,DNMPSKTB,4912960
GYHKIVQT,FQCLOEXA,2105334
BTMOEMEP,RAWUKQMJ,3815876
RCBZUSIM,ATLDMDBO,43517025
SNHYOVBM,DJBLNPNC,138354
ZXERAXWP,KFQSHBNH,10064829
DEWLVASR,APQGTRMF,171618
EVBVXETX,FRHNWLNI,919816
HXYSSRXE,OGAFEHLU,127678
QSDCUCLB,BTMOEMEP,14634293
OGAFEHLU,GMBFCMIU,138192
FWUCPMMW,BSRMSVTC,469995
LLHREMKS,ELQGMQWE,819253
ANWUJOKX,WQMVCOEM,142624
FWUCPMMW,WHPUAOID,168615
KFQSHBNH,ELQGMQWE,805363
UXSPKBJR,QVLMOEYE,1085645
RJGPVEXX,AANGBULD,588388
RUVXNNVA,XIIEJNEE,178242
FTSVTTSR,ZCELVYQU,323193
ANWUJOKX,RAWUKQMJ,3842128
SDWAYPIK,HXYSSRXE,4862754
DEWLVASR,OKMBFVKS,2021227
OGAFEHLU,XIIEJNEE,178242
RUVXNNVA,SAAYMURU,165970
XUOIQPFL,RAWUKQMJ,3837102
GMBFCMIU,AXULOHBQ,190066
ZGJXVMNI,RJGPVEXX,778118
FRHNWLNI,ATLDMDBO,43514529
ATLDMDBO,UGEQLMXM,221030
BTMOEMEP,VBYCLTYZ,601257
EVBVXETX,LUENUFGA,3508988
AXULOHBQ,EVBVXETX,4935048
WBLJNPZQ,CCLHWFWF,15417378
JPBRUTWP,APQGTRMF,164130
RJCAXSGH,OKMBFVKS,2015532
XUOIQPFL,APQGTRMF,165869
BTMOEMEP,XIIEJNEE,158789
LLHREMKS,UGEQLMXM,324074
KFQSHBNH,AANGBULD,580005
OGAFEHLU,DNMPSKTB,4928722
VUAFAIYJ,RJCAXSGH,4640459
ATLDMDBO,LRVGFDFM,2923683
OXKURKXR,JSLXRQOK,148877
AANGBULD,ZCELVYQU,323467
APQGTRMF,DNMPSKTB,4928682
NAQIHUKZ,GKQIJYDH,7678198
ELQGMQWE,RJCAXSGH,4639143
ZKENOUDA,OKMBFVKS,2020857
VBYCLTYZ,DJBLNPNC,139424
NZKBIBNU,XIIEJNEE,177668
SDWAYPIK,ZGJXVMNI,2466033
LLHREMKS,KFQSHBNH,10064153
QRKRBYJL,APQGTRMF,170028
VBYCLTYZ,IGDVVKUD,152344
SAHWCZNH,EVBVXETX,4929967
ATLDMDBO,ANWUJOKX,70288
RJCAXSGH,ZKENOUDA,497553
DEWLVASR,SDWAYPIK,5831446
UIFPPCLR,ANWUJOKX,138136
KEUWZRKO,SAHWCZNH,1824309
XIIEJNEE,ANWUJOKX,137912
SDWAYPIK,LPHPPJUG,1304944
OKMBFVKS,GYHKIVQT,19263528
QSDCUCLB,QRKRBYJL,2307971
DJBLNPNC,GIKPEWTY,138189
ZKENOUDA,FTSVTTSR,320797
BTMOEMEP,SDWAYPIK,5812647
ROACSLMG,IGDVVKUD,149244
APQGTRMF,RJCAXSGH,4640810
JPBRUTWP,RCBZUSIM,137837
GYHKIVQT,HXYSSRXE,4843929
OGAFEHLU,XUOIQPFL,2210897
RJCAXSGH,KJNSOAHR,14333567
RJCAXSGH,ELQGMQWE,813243
WBLJNPZQ,LSOIUSXD,365579
QSDCUCLB,QVLMOEYE,1086266
JPBRUTWP,ZGJXVMNI,2465779
SDWAYPIK,OKMBFVKS,2015000
XIIEJNEE,ATLDMDBO,43517051
VBYCLTYZ,ANWUJOKX,137526
DJBLNPNC,SUOYXCHP,138467
TGOELCAG,TANNMIMB,137754
TANNMIMB,VWMBASNE,234135
OKMBFVKS,RJCAXSGH,4638099
OKMBFVKS,ANWUJOKX,134773
BUZIIBYG,FDXPMYGF,109273
VBYCLTYZ,JPBRUTWP,5696118
RUVXNNVA,ELQGMQWE,819306
ZCELVYQU,FWUCPMMW,150002
BSRMSVTC,PLMZALFA,137527
ATLDMDBO,OXKURKXR,172828
WBLJNPZQ,VUAFAIYJ,829400
TANNMIMB,PYZMVUWD,143270
LRVGFDFM,DBWLZWNK,268690
GYHKIVQT,WPQXWHYO,11540651
FTSVTTSR,XIIEJNEE,177997
ZKENOUDA,KFQSHBNH,10064118
JBVHSUWY,ELQGMQWE,818930
ROACSLMG,BTMOEMEP,14630879
QVLMOEYE,APQGTRMF,170674
UGEQLMXM,HXYSSRXE,4867537
OGAFEHLU,APQGTRMF,172196
WPQXWHYO,RJGPVEXX,762980
AXULOHBQ,VMAQSTJE,162590
BTMOEMEP,GYHKIVQT,19239796
NAQIHUKZ,STZDBITS,22043693
WBLJNPZQ,UGEQLMXM,323810
KAGJCHMR,LTOYKIML,556663
ZGJXVMNI,DEWLVASR,556987
VMAQSTJE,KEUWZRKO,480564
AXULOHBQ,XIFHSOWQ,188118
MIRCVAMV,CCLHWFWF,15417560
VWMBASNE,XIPPENFQ,260811
FWUCPMMW,JSLXRQOK,149022
AXULOHBQ,WPQXWHYO,11582590
QSDCUCLB,SDWAYPIK,5832100
SAHWCZNH,XIPPENFQ,258227
BTMOEMEP,LPHPPJUG,1289717
DJBLNPNC,WQMVCOEM,142624
QRKRBYJL,FDXPMYGF,132742
BLANHGYY,WPQXWHYO,11582639
WBLJNPZQ,HXYSSRXE,4867545
HCDTGMST,JERHKLYW,151240
GMBFCMIU,WHPUAOID,168616
HXYSSRXE,RJGPVEXX,771715
OGAFEHLU,RCBZUSIM,145677
XUOIQPFL,GMBFCMIU,133166
LSOIUSXD,VWMBASNE,233906
GYHKIVQT,AXULOHBQ,151462
DBWLZWNK,RCBZUSIM,144182
ZKENOUDA,XUOIQPFL,2210187
GIKPEWTY,CCLHWFWF,15417564
GMBFCMIU,UXSPKBJR,612043
PLMZALFA,LUENUFGA,3517654
NZKBIBNU,LUENUFGA,3517125
VBYCLTYZ,LPHPPJUG,1307577
AXULOHBQ,FDXPMYGF,140473
QSDCUCLB,ATLDMDBO,43517051
RCBZUSIM,FDXPMYGF,140559
DEWLVASR,GYHKIVQT,19265680
QSDCUCLB,SNHYOVBM,365261
QVLMOEYE,RAWUKQMJ,3840688
FITUEHWN,TANNMIMB,138119
GYHKIVQT,ELQGMQWE,777318
GIKPEWTY,FITUEHWN,207482
UGEQLMXM,LSOIUSXD,365396
KAGJCHMR,FWUCPMMW,151671
WPQXWHYO,LUENUFGA,3498656
DBWLZWNK,AXULOHBQ,189644
XUOIQPFL,IGDVVKUD,146144
GYHKIVQT,AANGBULD,578069
OXKURKXR,QVLMOEYE,1086120
OGAFEHLU,DBWLZWNK,290026
QVLMOEYE,JPBRUTWP,5694722
XIIEJNEE,SDWAYPIK,5832100
HXYSSRXE,PYZMVUWD,132757
KEUWZRKO,XIPPENFQ,259849
XIIEJNEE,QRKRBYJL,2307971
XUOIQPFL,OKMBFVKS,2014964
STZDBITS,XIIEJNEE,147207
HXYSSRXE,XIFHSOWQ,177905
BSRMSVTC,KEUWZRKO,479935
HXYSSRXE,ZGJXVMNI,2464221
BJALXPFS,DNMPSKTB,4928589
XIIEJNEE,WHPUAOID,168616
XUOIQPFL,XIIEJNEE,172689
ANWUJOKX,QVLMOEYE,1086266
VBYCLTYZ,RCBZUSIM,145321
SDWAYPIK,ANWUJOKX,134893
ATLDMDBO,DBWLZWNK,222122
DNMPSKTB,EVBVXETX,4927335
APQGTRMF,OKMBFVKS,2021543
TANNMIMB,MIRCVAMV,194652
DNMPSKTB,VWMBASNE,226278
LUENUFGA,DNMPSKTB,4916592
FITUEHWN,ANWUJOKX,138127
OGAFEHLU,OKMBFVKS,2021595
BSRMSVTC,WPQXWHYO,11581974
UGEQLMXM,DBWLZWNK,289503
VBYCLTYZ,RAWUKQMJ,3841671
OKMBFVKS,FDXPMYGF,137092
GYHKIVQT,XUOIQPFL,2199348
KFQSHBNH,OKMBFVKS,2007652
QRKRBYJL,ZGJXVMNI,2471113
DJBLNPNC,WHPUAOID,168616
ZKENOUDA,XIIEJNEE,178108
WBLJNPZQ,ZKENOUDA,504437
UXSPKBJR,WQMVCOEM,141841
GMBFCMIU,FWUCPMMW,151885
VMAQSTJE,XIFHSOWQ,188077
UXSPKBJR,RAWUKQMJ,3841426
QKXNTIIB,FTSVTTSR,317689
ZGJXVMNI,UGEQLMXM,319267
APQGTRMF,ATLDMDBO,43517047
SDWAYPIK,BTMOEMEP,14627698
ZGJXVMNI,XUOIQPFL,2205194
BLANHGYY,SAHWCZNH,1824955
AANGBULD,FTSVTTSR,320869
UGEQLMXM,OGAFEHLU,137669
APQGTRMF,RCBZUSIM,145671
QVLMOEYE,DJBLNPNC,137948
BTMOEMEP,UGEQLMXM,304673
IGDVVKUD,ATLDMDBO,43517051
LRVGFDFM,BTMOEMEP,14612956
DNMPSKTB,DEWLVASR,554834
WBLJNPZQ,BJALXPFS,289652
TGOELCAG,LUENUFGA,3517593
QSDCUCLB,ANWUJOKX,138192
WBLJNPZQ,SDWAYPIK,5831760
VBYCLTYZ,HXYSSRXE,4867309
BTMOEMEP,WQMVCOEM,116373
XIIEJNEE,FWUCPMMW,151884
ZXERAXWP,UIFPPCLR,237794
SDWAYPIK,DEWLVASR,554373
AANGBULD,NAQIHUKZ,138192
PYZMVUWD,XIFHSOWQ,188160
HXYSSRXE,UGEQLMXM,313864
XUOIQPFL,QSDCUCLB,134639
ANWUJOKX,AXULOHBQ,190066
UXSPKBJR,APQGTRMF,171413
LLHREMKS,LSOIUSXD,365175
ZCELVYQU,RJCAXSGH,4638916
APQGTRMF,WHPUAOID,168612
DJBLNPNC,ANWUJOKX,138192
UGEQLMXM,VWMBASNE,233906
GYHKIVQT,RJCAXSGH,4609115
LTOYKIML,FTSVTTSR,320434
AHMDUILJ,UXSPKBJR,611792
KJNSOAHR,RJCAXSGH,4620505
ZXERAXWP,WHPUAOID,168584
WBLJNPZQ,DEWLVASR,562374
RJGPVEXX,GYHKIVQT,19265016
LRVGFDFM,LPHPPJUG,1270141
HXYSSRXE,KEUWZRKO,471345
WPQXWHYO,XIPPENFQ,246539
LRVGFDFM,QSDCUCLB,137026
BSRMSVTC,LUENUFGA,3516972
JPBRUTWP,SDWAYPIK,5822630
ATLDMDBO,XUOIQPFL,2159419
SDWAYPIK,DUCMGGNW,846963
KEUWZRKO,NZKBIBNU,386176
WBLJNPZQ,LRVGFDFM,2974940
IGDVVKUD,QVLMOEYE,1086253
VUAFAIYJ,LRVGFDFM,2974960
ELQGMQWE,XIIEJNEE,177073
QVLMOEYE,LPHPPJUG,1306411
ANWUJOKX,VBYCLTYZ,627509
NZKBIBNU,FTSVTTSR,320357
JPBRUTWP,OKMBFVKS,2013529
RCBZUSIM,BJALXPFS,289968
MBSBZBXA,HCDTGMST,169893
BTMOEMEP,XUOIQPFL,2198200
XIFHSOWQ,EVBVXETX,4935122
DNMPSKTB,RJGPVEXX,773729
QRKRBYJL,UGEQLMXM,317173
AXULOHBQ,NZKBIBNU,386643
LSOIUSXD,AXULOHBQ,189804
BJALXPFS,QRKRBYJL,2307520
OKMBFVKS,FQCLOEXA,2126146
XUOIQPFL,VWMBASNE,227808
SDWAYPIK,RCBZUSIM,136976
HXYSSRXE,ZKENOUDA,494145
RAWUKQMJ,WPQXWHYO,11577346
DEWLVASR,VMAQSTJE,161599
SDWAYPIK,UIFPPCLR,231268
DNMPSKTB,RAWUKQMJ,3834262
VMAQSTJE,QSDCUCLB,138106
OKMBFVKS,ZGJXVMNI,2472018
BSRMSVTC,ROACSLMG,2275917
APQGTRMF,HXYSSRXE,4867726
SDWAYPIK,BEZYMBBT,3115318
WBLJNPZQ,OGAFEHLU,137851
SAHWCZNH,WQMVCOEM,137400
BEZYMBBT,ELQGMQWE,810609
ATLDMDBO,RCBZUSIM,94199
EVBVXETX,KEUWZRKO,472601
ANWUJOKX,APQGTRMF,172196
UGEQLMXM,APQGTRMF,172055
APQGTRMF,DUCMGGNW,852210
ZXERAXWP,RJCAXSGH,4640747
QKXNTIIB,NAQIHUKZ,134951
RJGPVEXX,ZKENOUDA,503605
RUVXNNVA,ZCELVYQU,323508
BEZYMBBT,KFQSHBNH,10060009
XIIEJNEE,FRHNWLNI,926108
BSRMSVTC,FITUEHWN,207177
ZGJXVMNI,EVBVXETX,4932931
ELQGMQWE,RUVXNNVA,137412
UXSPKBJR,DBWLZWNK,289406
LTOYKIML,XIIEJNEE,177746
GYHKIVQT,KJNSOAHR,14316666
FQCLOEXA,WPQXWHYO,11579892
OXKURKXR,APQGTRMF,171879
OGAFEHLU,LRVGFDFM,2975161
BJALXPFS,SDWAYPIK,5831801
PLMZALFA,JERHKLYW,151399
HXYSSRXE,AXULOHBQ,180235
DNMPSKTB,AXULOHBQ,182209
RAWUKQMJ,DNMPSKTB,4923753
GMBFCMIU,FRHNWLNI,926108
BTMOEMEP,BSRMSVTC,458923
ATLDMDBO,OGAFEHLU,70288
GIKPEWTY,BSRMSVTC,469995
AANGBULD,RUVXNNVA,138192
JBVHSUWY,NAQIHUKZ,137891
AANGBULD,VUAFAIYJ,829810
ELQGMQWE,ZKENOUDA,502986
LTOYKIML,LLHREMKS,181075
LPHPPJUG,DDEXPPXU,149609
LSOIUSXD,VUAFAIYJ,829581
ATLDMDBO,APQGTRMF,110344
FQCLOEXA,FITUEHWN,204735
FDXPMYGF,VMAQSTJE,162715
APQGTRMF,GYHKIVQT,19266044
APQGTRMF,UIFPPCLR,237811
XIPPENFQ,DDEXPPXU,151330
ANWUJOKX,BTMOEMEP,14634293
WBLJNPZQ,ATLDMDBO,43516830
JPBRUTWP,VBYCLTYZ,619442
EVBVXETX,KJNSOAHR,14332232
CCLHWFWF,FCYBOAXC,105419955
QVLMOEYE,ZKENOUDA,503082
QVLMOEYE,ZGJXVMNI,2473157
WQMVCOEM,OGAFEHLU,138191
GYHKIVQT,KFQSHBNH,10053348
RAWUKQMJ,HXYSSRXE,4862405
UIFPPCLR,KJNSOAHR,14340822
SDWAYPIK,WQMVCOEM,137337
SAHWCZNH,NZKBIBNU,384658
LLHREMKS,BLANHGYY,185418
QRKRBYJL,ANWUJOKX,134571
HCDTGMST,XIFHSOWQ,187822
ZKENOUDA,SDWAYPIK,5831590
APQGTRMF,KFQSHBNH,10064892
UIFPPCLR,XUOIQPFL,2210825
WQMVCOEM,QSDCUCLB,137857
RJCAXSGH,YSYHGLQK,138600
KFQSHBNH,YSYHGLQK,141938
ZKENOUDA,APQGTRMF,171686
BEZYMBBT,GYHKIVQT,19261159
GYHKIVQT,BEZYMBBT,3112470
VMAQSTJE,PLMZALFA,138156
BTMOEMEP,JBVHSUWY,476427
UXSPKBJR,ANWUJOKX,137571
ANWUJOKX,IGDVVKUD,152471
GMBFCMIU,IGDVVKUD,152471
OXKURKXR,AXULOHBQ,189925
UXSPKBJR,SDWAYPIK,5831426
WQMVCOEM,JPBRUTWP,5696032
FQCLOEXA,LUENUFGA,3515202
EVBVXETX,XIFHSOWQ,180168
APQGTRMF,QVLMOEYE,1086214
OGAFEHLU,BTMOEMEP,14634293
DJBLNPNC,UQYUIVVR,7147979
SDWAYPIK,KJNSOAHR,14335602
WBLJNPZQ,LPHPPJUG,1307832
UIFPPCLR,RJCAXSGH,4640675
HXYSSRXE,SDWAYPIK,5823270
VUAFAIYJ,APQGTRMF,171995
FDXPMYGF,HXYSSRXE,4867761
RJGPVEXX,KEUWZRKO,479568
BLANHGYY,GIKPEWTY,138184
WBLJNPZQ,RJGPVEXX,781785
TGOELCAG,KEUWZRKO,479830
AANGBULD,LLHREMKS,181746
WBLJNPZQ,QRKRBYJL,2307750
SDWAYPIK,RAWUKQMJ,3838829
BUZIIBYG,BTMOEMEP,14601365
ZGJXVMNI,JSLXRQOK,144163
WBLJNPZQ,ZGJXVMNI,2474512
ANWUJOKX,DJBLNPNC,139780
BTMOEMEP,LRVGFDFM,2948910
GMBFCMIU,UQYUIVVR,7147982
DBWLZWNK,APQGTRMF,171894
BTMOEMEP,OKMBFVKS,1995344
PYZMVUWD,LUENUFGA,3517607
OXKURKXR,ELQGMQWE,819165
QRKRBYJL,XUOIQPFL,2203061
LRVGFDFM,GYHKIVQT,19227946
PLMZALFA,OGAFEHLU,138192
ZGJXVMNI,QRKRBYJL,2303307
PYZMVUWD,RJGPVEXX,781978
SDWAYPIK,AANGBULD,586320
BJALXPFS,RJGPVEXX,781828
ZXERAXWP,BEZYMBBT,3124000
AXULOHBQ,RJGPVEXX,781838
ZKENOUDA,BEZYMBBT,3123309
BLANHGYY,FQCLOEXA,2129171
SDWAYPIK,AXULOHBQ,186767
LLHREMKS,YSYHGLQK,143726
BEZYMBBT,RJCAXSGH,4635927
BSRMSVTC,RJGPVEXX,781309
UXSPKBJR,IGDVVKUD,151687
GYHKIVQT,SDWAYPIK,5807878
FQCLOEXA,PYZMVUWD,141223
UIFPPCLR,UXSPKBJR,611988
KJNSOAHR,ZCELVYQU,309549
GYHKIVQT,QRKRBYJL,2283749
JPBRUTWP,FQCLOEXA,2121899
HXYSSRXE,GYHKIVQT,19255785
IGDVVKUD,UXSPKBJR,612031
KJNSOAHR,EVBVXETX,4915989
LLHREMKS,XIIEJNEE,178210
WPQXWHYO,NZKBIBNU,366860
SAAYMURU,BJALXPFS,289916
SAAYMURU,MBSBZBXA,4796836
PYZMVUWD,ZXERAXWP,166743
QVLMOEYE,XUOIQPFL,2209457
BLANHGYY,AXULOHBQ,190061
ANWUJOKX,LPHPPJUG,1308198
FDXPMYGF,FITUEHWN,207467
GKQIJYDH,RJCAXSGH,4551542
LPHPPJUG,ZKENOUDA,503154
OKMBFVKS,ELQGMQWE,815888
QRKRBYJL,RAWUKQMJ,3841003
EVBVXETX,FDXPMYGF,133232
GKQIJYDH,FWUCPMMW,62611
APQGTRMF,RAWUKQMJ,3842095
DBWLZWNK,BTMOEMEP,14633877
UXSPKBJR,JPBRUTWP,5695623
JPBRUTWP,DNMPSKTB,4919251
XIIEJNEE,RCBZUSIM,145677
QRKRBYJL,OKMBFVKS,2017974
UXSPKBJR,LRVGFDFM,2974541
ELQGMQWE,FTSVTTSR,319762
SUOYXCHP,STZDBITS,22043341
APQGTRMF,DBWLZWNK,289986
LLHREMKS,AANGBULD,588874
UQYUIVVR,TGOELCAG,354406
RJCAXSGH,BLANHGYY,180292
KFQSHBNH,BLANHGYY,183631
SUOYXCHP,HCDTGMST,175818
BSRMSVTC,JPBRUTWP,5695562
OXKURKXR,BEZYMBBT,3123823
KJNSOAHR,QRKRBYJL,2288824
BSRMSVTC,HCDTGMST,175537
OXKURKXR,FQCLOEXA,2129030
FQCLOEXA,BSRMSVTC,467633
ZKENOUDA,ZXERAXWP,166279
BJALXPFS,OGAFEHLU,137892
STZDBITS,YSYHGLQK,57447
TGOELCAG,OJIFIHMZ,3058689
FDXPMYGF,XIFHSOWQ,188166
APQGTRMF,QRKRBYJL,2307920
VBYCLTYZ,BEZYMBBT,3123893
RAWUKQMJ,ZGJXVMNI,2467091
ELQGMQWE,KJNSOAHR,14339720
GYHKIVQT,SAHWCZNH,1782967
UXSPKBJR,VBYCLTYZ,626472
BUZIIBYG,FRHNWLNI,896184
ANWUJOKX,QRKRBYJL,2307971
RJCAXSGH,GYHKIVQT,19258942
JBVHSUWY,FTSVTTSR,320555
FCYBOAXC,VUAFAIYJ,634527
SAHWCZNH,HXYSSRXE,4865095
DNMPSKTB,FQCLOEXA,2121315
SDWAYPIK,DBWLZWNK,281709
QSDCUCLB,JPBRUTWP,5696244
TANNMIMB,XIPPENFQ,260898
VBYCLTYZ,XUOIQPFL,2210771
RUVXNNVA,GKQIJYDH,7678199
AXULOHBQ,FQCLOEXA,2129066
LSOIUSXD,XUOIQPFL,2210824
DEWLVASR,ELQGMQWE,818732
XIIEJNEE,SAAYMURU,165969
FDXPMYGF,JERHKLYW,151398
ZCELVYQU,UGEQLMXM,322227
HCDTGMST,QSDCUCLB,137851
ZGJXVMNI,ATLDMDBO,43513192
XIIEJNEE,BUZIIBYG,14526552
HXYSSRXE,BLANHGYY,176332
RCBZUSIM,WBLJNPZQ,294533
DNMPSKTB,LPHPPJUG,1300386
GYHKIVQT,LPHPPJUG,1284020
RUVXNNVA,KAGJCHMR,146569
LSOIUSXD,TANNMIMB,138033
APQGTRMF,WBLJNPZQ,294556
UGEQLMXM,OXKURKXR,232078
NZKBIBNU,JSLXRQOK,148494
HCDTGMST,KEUWZRKO,480466
TANNMIMB,KEUWZRKO,480600
BTMOEMEP,ANWUJOKX,118738
FQCLOEXA,ZXERAXWP,164338
NZKBIBNU,FRHNWLNI,925568
DJBLNPNC,ROACSLMG,2276121
GYHKIVQT,QVLMOEYE,1062043
GMBFCMIU,RCBZUSIM,145677
LTOYKIML,NAQIHUKZ,137679
BLANHGYY,EVBVXETX,4935185
SNHYOVBM,ANWUJOKX,136362
BLANHGYY,WBLJNPZQ,294551
AANGBULD,OKMBFVKS,2021554
ZGJXVMNI,SAHWCZNH,1820291
AHMDUILJ,ATLDMDBO,43516799
QSDCUCLB,ROACSLMG,2276121
XIIEJNEE,UXSPKBJR,611764
TGOELCAG,QSDCUCLB,137759
LPHPPJUG,FQCLOEXA,2127278
QSDCUCLB,SAAYMURU,165970
UGEQLMXM,UXSPKBJR,611890
DBWLZWNK,QRKRBYJL,2307866
JPBRUTWP,BTMOEMEP,14626602
BTMOEMEP,OGAFEHLU,118738
GMBFCMIU,SAAYMURU,165970
ZKENOUDA,UIFPPCLR,237084
EVBVXETX,IGDVVKUD,143814
VMAQSTJE,PYZMVUWD,143235
UGEQLMXM,FQCLOEXA,2129048
KEUWZRKO,TANNMIMB,137357
KJNSOAHR,QVLMOEYE,1067119
GYHKIVQT,RCBZUSIM,121454
LUENUFGA,EVBVXETX,4929846
NZKBIBNU,SAHWCZNH,1824603
DNMPSKTB,UIFPPCLR,230006
BEZYMBBT,DBWLZWNK,282535
FQCLOEXA,XIFHSOWQ,185421
ZGJXVMNI,FQCLOEXA,2123468
VBYCLTYZ,WQMVCOEM,141642
OKMBFVKS,SDWAYPIK,5829075
QRKRBYJL,ZKENOUDA,501935
LPHPPJUG,SAHWCZNH,1823164
BSRMSVTC,TGOELCAG,357093
TGOELCAG,YSYHGLQK,143701
STZDBITS,FWUCPMMW,64862
XIFHSOWQ,SAHWCZNH,1824768
NZKBIBNU,GIKPEWTY,137617
OJIFIHMZ,FITUEHWN,205897
LSOIUSXD,FCYBOAXC,105454953
QVLMOEYE,BJALXPFS,288528
IGDVVKUD,WQMVCOEM,142618
VBYCLTYZ,UXSPKBJR,611917
ZGJXVMNI,WPQXWHYO,11577779
DEWLVASR,WPQXWHYO,11581985
ANWUJOKX,OGAFEHLU,138147
IGDVVKUD,SDWAYPIK,5832069
OKMBFVKS,ZXERAXWP,164074
JSLXRQOK,DJBLNPNC,139738
OKMBFVKS,ZKENOUDA,501943
GYHKIVQT,UIFPPCLR,206162
AXULOHBQ,BJALXPFS,289864
LSOIUSXD,DUCMGGNW,852176
IGDVVKUD,ROACSLMG,2276108
GMBFCMIU,ATLDMDBO,43517051
WHPUAOID,XMKRPGLB,1169760
OXKURKXR,RUVXNNVA,138151
AXULOHBQ,UXSPKBJR,611911
JPBRUTWP,HXYSSRXE,4859700
HXYSSRXE,SAHWCZNH,1814442
SDWAYPIK,UXSPKBJR,603342
UGEQLMXM,OKMBFVKS,2021441
UIFPPCLR,QRKRBYJL,2307905
QVLMOEYE,OKMBFVKS,2020073
JPBRUTWP,JBVHSUWY,486886
NZKBIBNU,OKMBFVKS,2021335
JPBRUTWP,VWMBASNE,226295
GIKPEWTY,TGOELCAG,357398
DBWLZWNK,FRHNWLNI,925725
VMAQSTJE,VWMBASNE,234014
CCLHWFWF,DBWLZWNK,254974
ATLDMDBO,ZKENOUDA,442806
KEUWZRKO,FRHNWLNI,925577
QVLMOEYE,BLANHGYY,184586
JPBRUTWP,WBLJNPZQ,286865
QJQJSWFU,OXKURKXR,232020
GMBFCMIU,SDWAYPIK,5832100
UXSPKBJR,BTMOEMEP,14633672
KEUWZRKO,EVBVXETX,4934582
QJQJSWFU,SDWAYPIK,5831909
HXYSSRXE,TANNMIMB,127929
ATLDMDBO,IGDVVKUD,93067
APQGTRMF,JPBRUTWP,5696192
UQYUIVVR,WQMVCOEM,139278
BTMOEMEP,DBWLZWNK,270573
XUOIQPFL,ZKENOUDA,501101
SNHYOVBM,DUCMGGNW,852250
OKMBFVKS,VWMBASNE,231109
KFQSHBNH,ZKENOUDA,490715
ELQGMQWE,UIFPPCLR,236190
JBVHSUWY,KJNSOAHR,14340588
GYHKIVQT,NZKBIBNU,355086
UIFPPCLR,SDWAYPIK,5832033
GMBFCMIU,QRKRBYJL,2307971
GIKPEWTY,YSYHGLQK,144470
SDWAYPIK,IGDVVKUD,144153
ANWUJOKX,ATLDMDBO,43517051
QRKRBYJL,UXSPKBJR,609320
BSRMSVTC,XUOIQPFL,2210593
QRKRBYJL,OGAFEHLU,136024
BTMOEMEP,OXKURKXR,212779
DJBLNPNC,AXULOHBQ,190066
JERHKLYW,TGOELCAG,357360
HXYSSRXE,PLMZALFA,128937
OXKURKXR,HXYSSRXE,4867620
ROACSLMG,ATLDMDBO,43513824
FWUCPMMW,BLANHGYY,186162
DNMPSKTB,HXYSSRXE,4859901
RCBZUSIM,ZGJXVMNI,2474708
LUENUFGA,LPHPPJUG,1305325
BTMOEMEP,UXSPKBJR,599346
SAAYMURU,FWUCPMMW,151720
GYHKIVQT,APQGTRMF,147974
OXKURKXR,GYHKIVQT,19265730
QSDCUCLB,RCBZUSIM,145677
BJALXPFS,GYHKIVQT,19265748
KAGJCHMR,AANGBULD,589602
XIFHSOWQ,NZKBIBNU,386599
XIIEJNEE,ROACSLMG,2275841
TANNMIMB,SAHWCZNH,1824955
HCDTGMST,LUENUFGA,3517494
MBSBZBXA,TANNMIMB,133343
SNHYOVBM,BLANHGYY,184333
MIRCVAMV,KAGJCHMR,146564
APQGTRMF,BTMOEMEP,14634287
UIFPPCLR,KFQSHBNH,10064842
BEZYMBBT,OKMBFVKS,2013358
ZKENOUDA,EVBVXETX,4934412
NZKBIBNU,WPQXWHYO,11582109
DNMPSKTB,RCBZUSIM,137170
ZKENOUDA,FITUEHWN,207348
ZXERAXWP,DBWLZWNK,289995
WPQXWHYO,VMAQSTJE,143732
DNMPSKTB,IGDVVKUD,144614
XIPPENFQ,ZGJXVMNI,2474574
FQCLOEXA,XIPPENFQ,258446
GYHKIVQT,ZXERAXWP,142567
VUAFAIYJ,CCLHWFWF,15417362
PYZMVUWD,LSOIUSXD,365872
UXSPKBJR,FRHNWLNI,925324
LPHPPJUG,HXYSSRXE,4865648
OGAFEHLU,OXKURKXR,232232
LPHPPJUG,KEUWZRKO,478809
RJCAXSGH,DEWLVASR,555585
LRVGFDFM,RCBZUSIM,115441
LPHPPJUG,AXULOHBQ,187810
ELQGMQWE,GYHKIVQT,19265294
QSDCUCLB,LRVGFDFM,2975161
LTOYKIML,JPBRUTWP,5695532
FQCLOEXA,FRHNWLNI,923656
XUOIQPFL,BTMOEMEP,14627966
RJGPVEXX,SDWAYPIK,5831069
BLANHGYY,TGOELCAG,357398
FDXPMYGF,TGOELCAG,357383
SDWAYPIK,RJCAXSGH,4634220
IGDVVKUD,FDXPMYGF,140578
BEZYMBBT,XMKRPGLB,1161764
RJGPVEXX,XIPPENFQ,260115
RJGPVEXX,KJNSOAHR,14340247
ZCELVYQU,ZXERAXWP,166747
VWMBASNE,LRVGFDFM,2974287
LUENUFGA,TANNMIMB,132846
VBYCLTYZ,BJALXPFS,289511
DUCMGGNW,BLANHGYY,182396
FQCLOEXA,QJQJSWFU,250845
APQGTRMF,VMAQSTJE,162726
SAHWCZNH,RJGPVEXX,779730
RCBZUSIM,XUOIQPFL,2210875
IGDVVKUD,ANWUJOKX,138179
DEWLVASR,ZCELVYQU,322854
OGAFEHLU,FRHNWLNI,926108
QVLMOEYE,ANWUJOKX,136615
MBSBZBXA,QJQJSWFU,238465
NZKBIBNU,FITUEHWN,206908
DNMPSKTB,GMBFCMIU,130326
BSRMSVTC,UIFPPCLR,237755
YSYHGLQK,LPHPPJUG,1308238
ANWUJOKX,VMAQSTJE,162730
UQYUIVVR,UIFPPCLR,234872
JBVHSUWY,LTOYKIML,556788
BSRMSVTC,LSOIUSXD,365237
LTOYKIML,MBSBZBXA,4796389
OXKURKXR,ANWUJOKX,137996
FQCLOEXA,AXULOHBQ,186618
AHMDUILJ,BUZIIBYG,14526580
ZGJXVMNI,OKMBFVKS,2019334
LRVGFDFM,UXSPKBJR,573942
RCBZUSIM,QVLMOEYE,1086240
JPBRUTWP,ZKENOUDA,497386
UIFPPCLR,ELQGMQWE,819251
VWMBASNE,FCYBOAXC,105454858
BLANHGYY,JBVHSUWY,494946
JPBRUTWP,ELQGMQWE,811616
XIIEJNEE,LRVGFDFM,2975161
MIRCVAMV,ZGJXVMNI,2474696
DNMPSKTB,QSDCUCLB,129117
OJIFIHMZ,SNHYOVBM,361379
OXKURKXR,RCBZUSIM,145636
FWUCPMMW,AXULOHBQ,190066
OXKURKXR,SDWAYPIK,5831954
QSDCUCLB,DUCMGGNW,852250
PYZMVUWD,VUAFAIYJ,829810
PYZMVUWD,QJQJSWFU,253297
JPBRUTWP,XUOIQPFL,2203207
JBVHSUWY,APQGTRMF,171896
BUZIIBYG,SAHWCZNH,1799602
RAWUKQMJ,FQCLOEXA,2124202
ZKENOUDA,DNMPSKTB,4927984
FITUEHWN,STZDBITS,22043620
FRHNWLNI,LPHPPJUG,1306279
BSRMSVTC,STZDBITS,22043586
SAHWCZNH,FRHNWLNI,924197
DJBLNPNC,WBLJNPZQ,294556
GMBFCMIU,HXYSSRXE,4867766
DNMPSKTB,OXKURKXR,223152
FDXPMYGF,WQMVCOEM,142618
BTMOEMEP,HXYSSRXE,4841515
OGAFEHLU,UXSPKBJR,612043
RAWUKQMJ,VMAQSTJE,157761
UGEQLMXM,DNMPSKTB,4928199
ELQGMQWE,WBLJNPZQ,292883
UXSPKBJR,DNMPSKTB,4927939
PYZMVUWD,XIPPENFQ,260896
YSYHGLQK,AANGBULD,589613
UIFPPCLR,APQGTRMF,172124
WBLJNPZQ,BSRMSVTC,469774
LTOYKIML,RUVXNNVA,137729
LRVGFDFM,DNMPSKTB,4907385
LRVGFDFM,XUOIQPFL,2209727
OXKURKXR,NAQIHUKZ,137874
TANNMIMB,LUENUFGA,3517654
KEUWZRKO,VWMBASNE,233525
LRVGFDFM,APQGTRMF,134095
BLANHGYY,LPHPPJUG,1308235
GKQIJYDH,ZXERAXWP,160453
UGEQLMXM,XUOIQPFL,2210668
RJCAXSGH,APQGTRMF,165091
JPBRUTWP,BEZYMBBT,3115953
LPHPPJUG,NZKBIBNU,385282
ATLDMDBO,DEWLVASR,494786
LRVGFDFM,VWMBASNE,196033
HXYSSRXE,JPBRUTWP,5686413
VMAQSTJE,UIFPPCLR,237772
BLANHGYY,PYZMVUWD,143261
ELQGMQWE,DEWLVASR,561521
UGEQLMXM,RCBZUSIM,145572
IGDVVKUD,BSRMSVTC,469988
OXKURKXR,FTSVTTSR,320790
APQGTRMF,BEZYMBBT,3123968
VMAQSTJE,ANWUJOKX,138070
WPQXWHYO,EVBVXETX,4921277
SUOYXCHP,PLMZALFA,138168
DNMPSKTB,ELQGMQWE,811450
RAWUKQMJ,SAHWCZNH,1817312
EVBVXETX,BLANHGYY,177496
QRKRBYJL,BJALXPFS,282132
NZKBIBNU,KEUWZRKO,480247
BTMOEMEP,APQGTRMF,145945
DEWLVASR,UIFPPCLR,237495
SAHWCZNH,KJNSOAHR,14338978
PYZMVUWD,XMKRPGLB,1170001
SDWAYPIK,LRVGFDFM,2966844
KJNSOAHR,KFQSHBNH,10045696
RJCAXSGH,LSOIUSXD,360049
KFQSHBNH,LSOIUSXD,363388
SAHWCZNH,ATLDMDBO,43514380
UGEQLMXM,AXULOHBQ,189942
SAAYMURU,UQYUIVVR,7147929
BEZYMBBT,QRKRBYJL,2299734
OXKURKXR,DJBLNPNC,139639
OKMBFVKS,BTMOEMEP,14631267
QRKRBYJL,UIFPPCLR,234242
PYZMVUWD,TANNMIMB,138185
QKXNTIIB,XIIEJNEE,175001
OXKURKXR,TGOELCAG,357357
DNMPSKTB,ANWUJOKX,127812
JSLXRQOK,KJNSOAHR,14340847
VMAQSTJE,STZDBITS,22043603
SAHWCZNH,KEUWZRKO,476362
RJCAXSGH,UIFPPCLR,230757
NAQIHUKZ,FITUEHWN,207482
DEWLVASR,DNMPSKTB,4928068
GIKPEWTY,ZCELVYQU,323508
GIKPEWTY,WBLJNPZQ,294556
QRKRBYJL,FQCLOEXA,2128047
MBSBZBXA,VBYCLTYZ,623149
WQMVCOEM,DNMPSKTB,4928382
FTSVTTSR,STZDBITS,22043316
AHMDUILJ,DUCMGGNW,852106
DNMPSKTB,XIIEJNEE,169735
OJIFIHMZ,KEUWZRKO,476602
KFQSHBNH,GYHKIVQT,19252104
XIIEJNEE,OKMBFVKS,2021316
IGDVVKUD,SNHYOVBM,365229
LRVGFDFM,ANWUJOKX,107956
ZCELVYQU,ELQGMQWE,819264
RCBZUSIM,GYHKIVQT,19266047
JERHKLYW,VUAFAIYJ,829773
FDXPMYGF,KEUWZRKO,480584
AANGBULD,KFQSHBNH,10064857
XIIEJNEE,HXYSSRXE,4867766
UQYUIVVR,VMAQSTJE,159739
QRKRBYJL,BLANHGYY,183439
GYHKIVQT,WBLJNPZQ,283006
APQGTRMF,YSYHGLQK,144464
RJGPVEXX,MIRCVAMV,194011
WHPUAOID,LLHREMKS,181747
XMKRPGLB,SNHYOVBM,364247
NZKBIBNU,EVBVXETX,4934839
FQCLOEXA,IGDVVKUD,150063
IGDVVKUD,WHPUAOID,168608
PLMZALFA,FCYBOAXC,105455008
OKMBFVKS,APQGTRMF,168710
BLANHGYY,HXYSSRXE,4867761
OGAFEHLU,FCYBOAXC,105455008
LRVGFDFM,OXKURKXR,184309
DNMPSKTB,AANGBULD,581762
FRHNWLNI,IGDVVKUD,150137
XUOIQPFL,UXSPKBJR,605412
LPHPPJUG,EVBVXETX,4932936
XIIEJNEE,EVBVXETX,4935191
BSRMSVTC,EVBVXETX,4934988
LTOYKIML,JSLXRQOK,148595
BJALXPFS,UGEQLMXM,323953
EVBVXETX,QRKRBYJL,2299489
JERHKLYW,XIPPENFQ,260889
WPQXWHYO,SAHWCZNH,1811041
NZKBIBNU,FWUCPMMW,151532
JBVHSUWY,RUVXNNVA,138103
QSDCUCLB,DBWLZWNK,290026
HXYSSRXE,LPHPPJUG,1298988
VBYCLTYZ,UGEQLMXM,323144
DBWLZWNK,FWUCPMMW,150390
FRHNWLNI,DNMPSKTB,4926200
XUOIQPFL,ZGJXVMNI,2471176
MIRCVAMV,DDEXPPXU,151464
FDXPMYGF,PYZMVUWD,143255
BUZIIBYG,RJGPVEXX,749051
VBYCLTYZ,FRHNWLNI,925125
BLANHGYY,DNMPSKTB,4928722
LLHREMKS,STZDBITS,22043624
OJIFIHMZ,STZDBITS,22039695
FTSVTTSR,GKQIJYDH,7677884
BLANHGYY,LRVGFDFM,2975161
QKXNTIIB,SNHYOVBM,363790
LSOIUSXD,ELQGMQWE,819251
ZKENOUDA,VMAQSTJE,161992
FQCLOEXA,NZKBIBNU,384378
JPBRUTWP,AXULOHBQ,182376
OKMBFVKS,RJGPVEXX,779262
ZKENOUDA,ZGJXVMNI,2474206
HCDTGMST,MBSBZBXA,4796697
UGEQLMXM,ZKENOUDA,504535
EVBVXETX,XIPPENFQ,252232
JERHKLYW,TANNMIMB,138169
AANGBULD,APQGTRMF,172155
HCDTGMST,STZDBITS,22043347
LLHREMKS,MBSBZBXA,4796820
EVBVXETX,ATLDMDBO,43509705
LUENUFGA,ATLDMDBO,43510538
DBWLZWNK,GMBFCMIU,138086
DBWLZWNK,LRVGFDFM,2975056
TANNMIMB,XIFHSOWQ,188167
OGAFEHLU,ROACSLMG,2276121
FITUEHWN,SAAYMURU,165835
APQGTRMF,AXULOHBQ,190066
WPQXWHYO,ZKENOUDA,484732
APQGTRMF,BSRMSVTC,469955
ZXERAXWP,CCLHWFWF,15417544
OKMBFVKS,DEWLVASR,560075
BSRMSVTC,PYZMVUWD,142605
CCLHWFWF,FWUCPMMW,85859
QKXNTIIB,JSLXRQOK,141665
TANNMIMB,SUOYXCHP,138467
ZCELVYQU,BJALXPFS,289961
DBWLZWNK,IGDVVKUD,152055
DDEXPPXU,JERHKLYW,151386
UIFPPCLR,ZKENOUDA,504603
LUENUFGA,VWMBASNE,231028
WBLJNPZQ,SNHYOVBM,364944
ROACSLMG,FDXPMYGF,137163
QRKRBYJL,RJGPVEXX,779810
GIKPEWTY,DUCMGGNW,852250
RUVXNNVA,YSYHGLQK,144470
IGDVVKUD,QRKRBYJL,2307940
XUOIQPFL,DEWLVASR,559132
WQMVCOEM,BJALXPFS,289756
QSDCUCLB,OGAFEHLU,138191
BLANHGYY,WQMVCOEM,142619
IGDVVKUD,DNMPSKTB,4928716
FRHNWLNI,LUENUFGA,3515690
MIRCVAMV,VUAFAIYJ,829772
PYZMVUWD,UGEQLMXM,324090
RJGPVEXX,VBYCLTYZ,626867
DBWLZWNK,ATLDMDBO,43515556
HCDTGMST,BEZYMBBT,3123673
OKMBFVKS,KJNSOAHR,14337863
AHMDUILJ,QRKRBYJL,2307843
VUAFAIYJ,KFQSHBNH,10064541
LTOYKIML,DEWLVASR,562228
JSLXRQOK,TGOELCAG,357397
FTSVTTSR,DEWLVASR,562313
KAGJCHMR,DDEXPPXU,151502
SDWAYPIK,QJQJSWFU,244979
FRHNWLNI,DUCMGGNW,849727
ELQGMQWE,SDWAYPIK,5830428
WHPUAOID,LRVGFDFM,2975137
DBWLZWNK,WHPUAOID,168233
BJALXPFS,SNHYOVBM,364961
UGEQLMXM,LPHPPJUG,1308013
UIFPPCLR,VBYCLTYZ,627442
ROACSLMG,APQGTRMF,168781
CCLHWFWF,DUCMGGNW,791378
SDWAYPIK,VWMBASNE,230836
WPQXWHYO,MIRCVAMV,175655
SDWAYPIK,WBLJNPZQ,289269
LSOIUSXD,MIRCVAMV,194597
JBVHSUWY,TANNMIMB,138103
RJGPVEXX,XIFHSOWQ,186937
BEZYMBBT,WBLJNPZQ,289667
ELQGMQWE,HXYSSRXE,4866753
BTMOEMEP,WBLJNPZQ,268304
FQCLOEXA,DEWLVASR,560328
GKQIJYDH,KFQSHBNH,9975624
XUOIQPFL,LSOIUSXD,360792
LUENUFGA,ZXERAXWP,159972
BSRMSVTC,BEZYMBBT,3123337
QVLMOEYE,FRHNWLNI,924630
ZGJXVMNI,QVLMOEYE,1081602
KAGJCHMR,JSLXRQOK,149005
KAGJCHMR,ZKENOUDA,504445
JPBRUTWP,GMBFCMIU,130125
JBVHSUWY,KEUWZRKO,480299
RJGPVEXX,WPQXWHYO,11581915
EVBVXETX,ANWUJOKX,129526
LSOIUSXD,RJCAXSGH,4640743
SUOYXCHP,QJQJSWFU,253273
QRKRBYJL,BEZYMBBT,3121295
LUENUFGA,KJNSOAHR,14335544
CCLHWFWF,LTOYKIML,496005
OGAFEHLU,WQMVCOEM,142624
ANWUJOKX,UXSPKBJR,612043
LSOIUSXD,CCLHWFWF,15417405
AANGBULD,EVBVXETX,4935150
IGDVVKUD,UGEQLMXM,324119
GYHKIVQT,RJGPVEXX,770428
KJNSOAHR,IGDVVKUD,135988
CCLHWFWF,FQCLOEXA,2068299
MIRCVAMV,QSDCUCLB,138197
OXKURKXR,QRKRBYJL,2307776
OXKURKXR,DEWLVASR,562549
RUVXNNVA,STZDBITS,22043693
XUOIQPFL,RCBZUSIM,140550
DBWLZWNK,GYHKIVQT,19265745
SUOYXCHP,RJGPVEXX,781954
ZXERAXWP,MIRCVAMV,194632
QRKRBYJL,OXKURKXR,229508
APQGTRMF,OGAFEHLU,138158
DNMPSKTB,QJQJSWFU,245440
PYZMVUWD,AHMDUILJ,230501
KAGJCHMR,GKQIJYDH,7678197
OXKURKXR,DNMPSKTB,4928681
VUAFAIYJ,VWMBASNE,233919
QRKRBYJL,LRVGFDFM,2972994
RCBZUSIM,APQGTRMF,172171
WBLJNPZQ,XUOIQPFL,2210676
MBSBZBXA,QSDCUCLB,133349
VUAFAIYJ,FCYBOAXC,105454553
CCLHWFWF,LRVGFDFM,2954908
HXYSSRXE,FDXPMYGF,131324
YSYHGLQK,ZXERAXWP,166785
ROACSLMG,ANWUJOKX,135386
BLANHGYY,XUOIQPFL,2210897
OJIFIHMZ,AHMDUILJ,228916
WHPUAOID,DUCMGGNW,852163
APQGTRMF,XUOIQPFL,2210893
DNMPSKTB,APQGTRMF,163116
XUOIQPFL,DJBLNPNC,133453
AHMDUILJ,LRVGFDFM,2974910
LRVGFDFM,LSOIUSXD,344583
RUVXNNVA,UGEQLMXM,324126
NZKBIBNU,KJNSOAHR,14340315
ANWUJOKX,FDXPMYGF,140533
SNHYOVBM,AHMDUILJ,228672
DUCMGGNW,QSDCUCLB,137027
OGAFEHLU,AHMDUILJ,230501
UGEQLMXM,RAWUKQMJ,3841987
FCYBOAXC,QKXNTIIB,1429249
LRVGFDFM,AXULOHBQ,151964
OGAFEHLU,ZGJXVMNI,2474734
JPBRUTWP,DEWLVASR,553220
ROACSLMG,JPBRUTWP,5693017
DBWLZWNK,VBYCLTYZ,627404
MIRCVAMV,NZKBIBNU,386787
UQYUIVVR,WHPUAOID,165624
WBLJNPZQ,TANNMIMB,137875
ANWUJOKX,RCBZUSIM,145677
OGAFEHLU,DUCMGGNW,852250
WBLJNPZQ,AANGBULD,589425
BUZIIBYG,UXSPKBJR,586691
VUAFAIYJ,WBLJNPZQ,294101
SUOYXCHP,FITUEHWN,207481
EVBVXETX,RCBZUSIM,139385
QRKRBYJL,FRHNWLNI,923940
BJALXPFS,VMAQSTJE,162580
LRVGFDFM,OKMBFVKS,2002008
VBYCLTYZ,ZGJXVMNI,2474277
JERHKLYW,QKXNTIIB,1609718
LSOIUSXD,ZKENOUDA,504603
RAWUKQMJ,NZKBIBNU,381494
KAGJCHMR,FQCLOEXA,2129153
FQCLOEXA,KEUWZRKO,478148
RJCAXSGH,UQYUIVVR,7142112
KFQSHBNH,UQYUIVVR,7145450
UIFPPCLR,HXYSSRXE,4867753
VUAFAIYJ,ZXERAXWP,166433
LSOIUSXD,XIPPENFQ,260669
LRVGFDFM,ROACSLMG,2245885
OXKURKXR,ZKENOUDA,504518
BUZIIBYG,DJBLNPNC,106853
CCLHWFWF,WHPUAOID,102590
UXSPKBJR,SAHWCZNH,1824172
PLMZALFA,QKXNTIIB,1609726
ZGJXVMNI,RAWUKQMJ,3839867
ZGJXVMNI,NZKBIBNU,381956
LRVGFDFM,VUAFAIYJ,828640
RJGPVEXX,UQYUIVVR,7146751
FQCLOEXA,TANNMIMB,135445
WBLJNPZQ,FQCLOEXA,2128985
ROACSLMG,SNHYOVBM,362455
DBWLZWNK,UXSPKBJR,611741
APQGTRMF,OXKURKXR,232226
AANGBULD,UIFPPCLR,237822
ZKENOUDA,GKQIJYDH,7677420
OXKURKXR,WBLJNPZQ,294515
FRHNWLNI,VBYCLTYZ,625545
FDXPMYGF,WPQXWHYO,11582623
OKMBFVKS,BEZYMBBT,3121500
ZGJXVMNI,WBLJNPZQ,290696
RCBZUSIM,HXYSSRXE,4867758
BJALXPFS,KEUWZRKO,480300
NAQIHUKZ,KAGJCHMR,146569
ZKENOUDA,RJGPVEXX,781239
BJALXPFS,RCBZUSIM,145527
SNHYOVBM,DBWLZWNK,288197
HXYSSRXE,JBVHSUWY,484690
GYHKIVQT,KEUWZRKO,438612
OXKURKXR,RJCAXSGH,4640774
UIFPPCLR,QVLMOEYE,1086210
MBSBZBXA,JERHKLYW,147040
WHPUAOID,FDXPMYGF,140564
SUOYXCHP,QSDCUCLB,137844
KFQSHBNH,BEZYMBBT,3110572
FTSVTTSR,TGOELCAG,357191
UIFPPCLR,WQMVCOEM,142552
HXYSSRXE,RAWUKQMJ,3832297
APQGTRMF,ANWUJOKX,138188
VUAFAIYJ,UIFPPCLR,237506
SDWAYPIK,KFQSHBNH,10058303
XUOIQPFL,UIFPPCLR,231536
LTOYKIML,OXKURKXR,231720
FTSVTTSR,MBSBZBXA,4796606
DEWLVASR,BEZYMBBT,3123306
QRKRBYJL,DEWLVASR,561566
OGAFEHLU,RJGPVEXX,781946
BJALXPFS,QVLMOEYE,1085967
LLHREMKS,KAGJCHMR,146494
WBLJNPZQ,XIFHSOWQ,187851
OXKURKXR,UGEQLMXM,323909
EVBVXETX,MIRCVAMV,185986
VUAFAIYJ,WHPUAOID,167622
VMAQSTJE,WPQXWHYO,11582603
JPBRUTWP,OXKURKXR,222761
FCYBOAXC,FWUCPMMW,0
RAWUKQMJ,GYHKIVQT,19261149
BEZYMBBT,KJNSOAHR,14336000
JSLXRQOK,RJCAXSGH,4640754
GYHKIVQT,OKMBFVKS,1997372
DNMPSKTB,DBWLZWNK,280946
ZCELVYQU,MBSBZBXA,4795804
OKMBFVKS,UIFPPCLR,235344
IGDVVKUD,LRVGFDFM,2975150
OKMBFVKS,IGDVVKUD,149952
RAWUKQMJ,FDXPMYGF,135286
XIFHSOWQ,AXULOHBQ,189967
BEZYMBBT,RCBZUSIM,137440
OKMBFVKS,JPBRUTWP,5692826
ANWUJOKX,DUCMGGNW,852250
LPHPPJUG,VMAQSTJE,160945
BEZYMBBT,ZKENOUDA,496421
LSOIUSXD,KJNSOAHR,14340730
RJGPVEXX,LUENUFGA,3516423
JBVHSUWY,LLHREMKS,181502
HCDTGMST,RCBZUSIM,145522
WQMVCOEM,AXULOHBQ,189781
VUAFAIYJ,ZCELVYQU,323152
SAAYMURU,STZDBITS,22043610
DDEXPPXU,NZKBIBNU,386764
BLANHGYY,FITUEHWN,207482
LPHPPJUG,AHMDUILJ,228246
RJCAXSGH,BEZYMBBT,3116000
APQGTRMF,ZGJXVMNI,2474728
ATLDMDBO,OKMBFVKS,1974640
JSLXRQOK,SAAYMURU,165953
LLHREMKS,QKXNTIIB,1609694
JERHKLYW,DBWLZWNK,289989
KFQSHBNH,XIIEJNEE,164795
DNMPSKTB,RJCAXSGH,4632959
APQGTRMF,SDWAYPIK,5832067
ELQGMQWE,KEUWZRKO,479820
RJGPVEXX,VUAFAIYJ,829087
JPBRUTWP,OGAFEHLU,128721
QVLMOEYE,BEZYMBBT,3122497
SDWAYPIK,RJGPVEXX,773660
GKQIJYDH,YSYHGLQK,55197
BEZYMBBT,JPBRUTWP,5687547
DBWLZWNK,ANWUJOKX,138086
BEZYMBBT,ATLDMDBO,43508814
ZCELVYQU,LSOIUSXD,364036
PYZMVUWD,DDEXPPXU,151503
ANWUJOKX,SDWAYPIK,5832100
SDWAYPIK,LSOIUSXD,359325
DBWLZWNK,ELQGMQWE,818884
GKQIJYDH,XMKRPGLB,1101948
JPBRUTWP,FDXPMYGF,133306
SUOYXCHP,WPQXWHYO,11582639
LSOIUSXD,QVLMOEYE,1086107
UQYUIVVR,OGAFEHLU,135201
ANWUJOKX,GMBFCMIU,138192
GMBFCMIU,VWMBASNE,234135
AHMDUILJ,APQGTRMF,171996
QVLMOEYE,FQCLOEXA,2127731
QVLMOEYE,BSRMSVTC,468555
FRHNWLNI,HXYSSRXE,4865803
OKMBFVKS,FRHNWLNI,923492
BUZIIBYG,ANWUJOKX,116549
DNMPSKTB,XIFHSOWQ,180311
XIIEJNEE,DBWLZWNK,290026
LPHPPJUG,LUENUFGA,3515863
GMBFCMIU,EVBVXETX,4935192
DBWLZWNK,JPBRUTWP,5695941
UGEQLMXM,ZGJXVMNI,2474504
VUAFAIYJ,XIPPENFQ,260542
FDXPMYGF,DUCMGGNW,852244
LUENUFGA,RAWUKQMJ,3839021
EVBVXETX,NZKBIBNU,378130
QRKRBYJL,AANGBULD,586895
EVBVXETX,BJALXPFS,282622
KEUWZRKO,UIFPPCLR,237028
LLHREMKS,KJNSOAHR,14340144
XUOIQPFL,BEZYMBBT,3118466
BTMOEMEP,QSDCUCLB,125500
AXULOHBQ,ZGJXVMNI,2474555
OKMBFVKS,QVLMOEYE,1083747
OKMBFVKS,ATLDMDBO,43514532
UGEQLMXM,DUCMGGNW,852020
BEZYMBBT,RAWUKQMJ,3836162
DJBLNPNC,MBSBZBXA,4796852
TANNMIMB,WPQXWHYO,11582639
UXSPKBJR,KEUWZRKO,479979
TGOELCAG,XMKRPGLB,1169940
ROACSLMG,TGOELCAG,354092
DEWLVASR,RAWUKQMJ,3841760
LPHPPJUG,OGAFEHLU,136401
VWMBASNE,GIKPEWTY,138057
ROACSLMG,XMKRPGLB,1166588
RJGPVEXX,FITUEHWN,206698
DEWLVASR,JPBRUTWP,5695665
RCBZUSIM,BLANHGYY,186162
AXULOHBQ,HCDTGMST,175702
AHMDUILJ,WPQXWHYO,11582387
BJALXPFS,PLMZALFA,137892
UQYUIVVR,ZKENOUDA,502182
WBLJNPZQ,RAWUKQMJ,3841935
KEUWZRKO,RJGPVEXX,781332
KJNSOAHR,VBYCLTYZ,613550
VUAFAIYJ,LLHREMKS,181716
RJGPVEXX,SAHWCZNH,1823924
AXULOHBQ,XUOIQPFL,2210765
VMAQSTJE,OGAFEHLU,138156
BEZYMBBT,SDWAYPIK,5824609
LLHREMKS,RJCAXSGH,4640741
RAWUKQMJ,EVBVXETX,4929899
OKMBFVKS,DJBLNPNC,136754
SAAYMURU,XIIEJNEE,178227
ZKENOUDA,QVLMOEYE,1085738
WBLJNPZQ,MIRCVAMV,194431
FQCLOEXA,ZCELVYQU,320762
HCDTGMST,PLMZALFA,138058
XUOIQPFL,LPHPPJUG,1303217
RAWUKQMJ,UGEQLMXM,319158
QJQJSWFU,HCDTGMST,175799
ZKENOUDA,FQCLOEXA,2128461
NZKBIBNU,DEWLVASR,562338
LTOYKIML,VUAFAIYJ,829298
LLHREMKS,VBYCLTYZ,626765
JSLXRQOK,STZDBITS,22043632
VBYCLTYZ,ZKENOUDA,503993
CCLHWFWF,VBYCLTYZ,561483
RCBZUSIM,ANWUJOKX,138191
QKXNTIIB,TGOELCAG,355927
XIFHSOWQ,FCYBOAXC,105454968
GYHKIVQT,BSRMSVTC,438295
FRHNWLNI,BLANHGYY,183829
APQGTRMF,FDXPMYGF,140578
GIKPEWTY,HCDTGMST,175842
GYHKIVQT,ATLDMDBO,43505502
GYHKIVQT,VWMBASNE,210298
FDXPMYGF,JPBRUTWP,5696242
NZKBIBNU,ELQGMQWE,818777
LSOIUSXD,KFQSHBNH,10064824
XIPPENFQ,FCYBOAXC,105454773
DEWLVASR,OGAFEHLU,137537
IGDVVKUD,BLANHGYY,186131
UGEQLMXM,ROACSLMG,2275979
HCDTGMST,FRHNWLNI,925953
RCBZUSIM,BTMOEMEP,14634267
GIKPEWTY,VMAQSTJE,162730
JPBRUTWP,UGEQLMXM,314656
PYZMVUWD,KJNSOAHR,14340889
LUENUFGA,SAHWCZNH,1819610
XMKRPGLB,BSRMSVTC,466876
ZGJXVMNI,DDEXPPXU,146643
KJNSOAHR,RCBZUSIM,129195
DNMPSKTB,KJNSOAHR,14333023
OXKURKXR,GIKPEWTY,138051
RJCAXSGH,ZCELVYQU,316403
UXSPKBJR,NZKBIBNU,385749
FWUCPMMW,WBLJNPZQ,294541
JBVHSUWY,SUOYXCHP,137815
QVLMOEYE,ELQGMQWE,817729
PYZMVUWD,VWMBASNE,234088
XIIEJNEE,VWMBASNE,234134
TANNMIMB,QJQJSWFU,253297
JERHKLYW,BEZYMBBT,3123997
TANNMIMB,JBVHSUWY,494953
ZCELVYQU,WBLJNPZQ,293508
UXSPKBJR,OJIFIHMZ,3058129
UQYUIVVR,HCDTGMST,172851
JPBRUTWP,TANNMIMB,128721
JBVHSUWY,ZKENOUDA,504570
XIFHSOWQ,FRHNWLNI,926045
WBLJNPZQ,OKMBFVKS,2021374
ZKENOUDA,ELQGMQWE,818596
JSLXRQOK,ANWUJOKX,138175
WBLJNPZQ,UIFPPCLR,237546
SAHWCZNH,MIRCVAMV,192742
ANWUJOKX,BSRMSVTC,469995
RJGPVEXX,VWMBASNE,233103
DUCMGGNW,RJGPVEXX,780389
WQMVCOEM,FDXPMYGF,140374
AANGBULD,DNMPSKTB,4928722
AHMDUILJ,RAWUKQMJ,3841876
ATLDMDBO,FQCLOEXA,2026075
AXULOHBQ,HXYSSRXE,4867634
AHMDUILJ,XIIEJNEE,178038
QJQJSWFU,ANWUJOKX,137969
RCBZUSIM,OXKURKXR,232223
LSOIUSXD,GYHKIVQT,19265818
AXULOHBQ,ZKENOUDA,504609
ZGJXVMNI,VBYCLTYZ,625248
RUVXNNVA,MBSBZBXA,4796852
UIFPPCLR,DEWLVASR,562635
RCBZUSIM,JPBRUTWP,5696221
SAHWCZNH,JSLXRQOK,146776
ATLDMDBO,UXSPKBJR,552639
HCDTGMST,ATLDMDBO,43516917
JBVHSUWY,BEZYMBBT,3123734
VMAQSTJE,OJIFIHMZ,3058625
GYHKIVQT,OGAFEHLU,96204
OJIFIHMZ,JERHKLYW,144777
GMBFCMIU,QVLMOEYE,1086266
OKMBFVKS,FCYBOAXC,105451521
FQCLOEXA,ZKENOUDA,502296
HCDTGMST,AHMDUILJ,230346
KJNSOAHR,QSDCUCLB,121306
BTMOEMEP,BLANHGYY,166709
PYZMVUWD,MIRCVAMV,194652
ZKENOUDA,NAQIHUKZ,137412
RCBZUSIM,YSYHGLQK,144461
NZKBIBNU,DUCMGGNW,851710
BLANHGYY,BJALXPFS,289960
ELQGMQWE,FITUEHWN,206728
WPQXWHYO,KFQSHBNH,10043969
QJQJSWFU,OKMBFVKS,2021404
DUCMGGNW,UXSPKBJR,608277
VMAQSTJE,LUENUFGA,3517533
UXSPKBJR,GMBFCMIU,137571
ROACSLMG,BEZYMBBT,3121002
ZGJXVMNI,BEZYMBBT,3119160
TGOELCAG,LLHREMKS,181018
QVLMOEYE,VWMBASNE,232681
ROACSLMG,DJBLNPNC,136367
OXKURKXR,RAWUKQMJ,3841982
LPHPPJUG,DJBLNPNC,137995
WBLJNPZQ,DBWLZWNK,289710
HXYSSRXE,ATLDMDBO,43507220
ROACSLMG,QRKRBYJL,2304558
VUAFAIYJ,UGEQLMXM,324056
NAQIHUKZ,TGOELCAG,357398
NZKBIBNU,XIPPENFQ,260638
KJNSOAHR,UGEQLMXM,307236
KJNSOAHR,GKQIJYDH,7664240
HXYSSRXE,SUOYXCHP,130105
WPQXWHYO,KJNSOAHR,14320962
RJGPVEXX,JBVHSUWY,494169
GIKPEWTY,OGAFEHLU,138192
SUOYXCHP,KEUWZRKO,480599
ZXERAXWP,FITUEHWN,207461
WBLJNPZQ,QVLMOEYE,1085949
DBWLZWNK,JBVHSUWY,494537
ROACSLMG,VBYCLTYZ,624282
AXULOHBQ,DNMPSKTB,4928590
FCYBOAXC,FRHNWLNI,745631
KFQSHBNH,APQGTRMF,158253
EVBVXETX,FQCLOEXA,2120514
LTOYKIML,ZCELVYQU,322796
VBYCLTYZ,OXKURKXR,231865
WQMVCOEM,HXYSSRXE,4867482
YSYHGLQK,HCDTGMST,175842
QKXNTIIB,BLANHGYY,178804
DEWLVASR,XUOIQPFL,2209766
AANGBULD,SDWAYPIK,5832059
BSRMSVTC,JBVHSUWY,494749
STZDBITS,LTOYKIML,469854
KAGJCHMR,JERHKLYW,151186
AANGBULD,GYHKIVQT,19266007
ZGJXVMNI,LPHPPJUG,1303383
JPBRUTWP,KJNSOAHR,14333616
GIKPEWTY,ROACSLMG,2276121
ZGJXVMNI,VUAFAIYJ,824107
FTSVTTSR,KAGJCHMR,146386
ELQGMQWE,NAQIHUKZ,137438
ZGJXVMNI,KEUWZRKO,475935
FCYBOAXC,PLMZALFA,0
ROACSLMG,XUOIQPFL,2207670
ZKENOUDA,VUAFAIYJ,829100
EVBVXETX,ZCELVYQU,315509
KJNSOAHR,FCYBOAXC,105434698
XUOIQPFL,KJNSOAHR,14335863
TGOELCAG,XIFHSOWQ,187730
ANWUJOKX,PLMZALFA,138147
KFQSHBNH,DEWLVASR,548747
QRKRBYJL,WBLJNPZQ,286719
WBLJNPZQ,OXKURKXR,231916
OGAFEHLU,WBLJNPZQ,294556
WHPUAOID,OJIFIHMZ,3058725
JBVHSUWY,SAAYMURU,165684
KJNSOAHR,BTMOEMEP,14617810
LSOIUSXD,LRVGFDFM,2974932
WPQXWHYO,TANNMIMB,124277
OGAFEHLU,UQYUIVVR,7147950
RJGPVEXX,EVBVXETX,4934408
OXKURKXR,JPBRUTWP,5696026
FITUEHWN,RCBZUSIM,145503
AXULOHBQ,OKMBFVKS,2021455
QSDCUCLB,DNMPSKTB,4928722
WPQXWHYO,RJCAXSGH,4619887
JSLXRQOK,BUZIIBYG,14526770
FITUEHWN,KJNSOAHR,14340754
RJCAXSGH,VBYCLTYZ,621639
KFQSHBNH,VBYCLTYZ,624977
APQGTRMF,DJBLNPNC,139728
FTSVTTSR,SNHYOVBM,365054
EVBVXETX,DNMPSKTB,4921376
DEWLVASR,ZGJXVMNI,2474155
FRHNWLNI,RCBZUSIM,143713
LSOIUSXD,UIFPPCLR,237789
JPBRUTWP,RJGPVEXX,773023
XIIEJNEE,UGEQLMXM,324126
BJALXPFS,LTOYKIML,556727
BTMOEMEP,FRHNWLNI,913411
NZKBIBNU,XIFHSOWQ,187737
DJBLNPNC,UXSPKBJR,612043
JBVHSUWY,VMAQSTJE,162003
UIFPPCLR,BEZYMBBT,3123947
UXSPKBJR,XIIEJNEE,177568
VMAQSTJE,RCBZUSIM,145641
AXULOHBQ,WBLJNPZQ,294423
ZGJXVMNI,UQYUIVVR,7143122
DBWLZWNK,LSOIUSXD,364424
UGEQLMXM,KJNSOAHR,14340735
NZKBIBNU,AANGBULD,589089
KAGJCHMR,RJGPVEXX,781764
DUCMGGNW,OGAFEHLU,136082
KJNSOAHR,LRVGFDFM,2954851
DEWLVASR,EVBVXETX,4934060
QVLMOEYE,WQMVCOEM,141170
BUZIIBYG,WPQXWHYO,11549711
OKMBFVKS,RCBZUSIM,142961
ELQGMQWE,XUOIQPFL,2209884
VMAQSTJE,EVBVXETX,4935067
BLANHGYY,UQYUIVVR,7147974
DNMPSKTB,WBLJNPZQ,284176
AANGBULD,KJNSOAHR,14340827
BEZYMBBT,RJGPVEXX,775372
FDXPMYGF,WBLJNPZQ,294550
WBLJNPZQ,BTMOEMEP,14634071
ATLDMDBO,BSRMSVTC,366899
BEZYMBBT,DNMPSKTB,4923833
HXYSSRXE,DEWLVASR,553436
NAQIHUKZ,DEWLVASR,562690
BUZIIBYG,ZXERAXWP,135484
FQCLOEXA,SNHYOVBM,362514
IGDVVKUD,FWUCPMMW,151879
MIRCVAMV,DBWLZWNK,290026
FTSVTTSR,KFQSHBNH,10064582
ELQGMQWE,JSLXRQOK,147351
FWUCPMMW,GIKPEWTY,138191
SAAYMURU,SUOYXCHP,138384
RJGPVEXX,UIFPPCLR,236632
SDWAYPIK,FITUEHWN,202195
APQGTRMF,FQCLOEXA,2129138
DBWLZWNK,DJBLNPNC,139397
UIFPPCLR,OKMBFVKS,2021455
SUOYXCHP,FCYBOAXC,105455007
SDWAYPIK,ELQGMQWE,810605
JSLXRQOK,QJQJSWFU,253280
OXKURKXR,ZGJXVMNI,2474693
DBWLZWNK,HXYSSRXE,4867351
QRKRBYJL,IGDVVKUD,148850
PYZMVUWD,UIFPPCLR,237863
AANGBULD,LSOIUSXD,365919
JPBRUTWP,RAWUKQMJ,3833173
BEZYMBBT,APQGTRMF,165590
WBLJNPZQ,VMAQSTJE,162544
UQYUIVVR,BSRMSVTC,468536
ELQGMQWE,BEZYMBBT,3122347
OGAFEHLU,BEZYMBBT,3124019
FRHNWLNI,XIPPENFQ,259526
WHPUAOID,FITUEHWN,207240
APQGTRMF,ELQGMQWE,819273
RJCAXSGH,XUOIQPFL,2202878
WQMVCOEM,PLMZALFA,137907
BUZIIBYG,GIKPEWTY,106886
ANWUJOKX,WBLJNPZQ,294556
FCYBOAXC,WBLJNPZQ,122204
UGEQLMXM,LRVGFDFM,2974638
OGAFEHLU,VUAFAIYJ,829810
HCDTGMST,VWMBASNE,234054
ELQGMQWE,ZXERAXWP,166036
SNHYOVBM,FDXPMYGF,140578
JPBRUTWP,PYZMVUWD,135430
XMKRPGLB,BEZYMBBT,3123348
DNMPSKTB,KFQSHBNH,10057041
GMBFCMIU,UGEQLMXM,324126
IGDVVKUD,GYHKIVQT,19266042
LRVGFDFM,FRHNWLNI,904771
SAHWCZNH,RCBZUSIM,143006
QJQJSWFU,QVLMOEYE,1086075
ZGJXVMNI,LTOYKIML,552213
AXULOHBQ,LPHPPJUG,1308138
GIKPEWTY,BUZIIBYG,14526831
KJNSOAHR,ZXERAXWP,149899
QVLMOEYE,IGDVVKUD,151016
DNMPSKTB,VMAQSTJE,154864
LSOIUSXD,BLANHGYY,185901
OKMBFVKS,AXULOHBQ,187450
OXKURKXR,KFQSHBNH,10064857
UGEQLMXM,SNHYOVBM,365119
QSDCUCLB,OKMBFVKS,2021595
BTMOEMEP,ZKENOUDA,493586
TGOELCAG,JERHKLYW,151339
ZKENOUDA,MBSBZBXA,4796113
ATLDMDBO,GMBFCMIU,91236
ATLDMDBO,BLANHGYY,118259
UXSPKBJR,BUZIIBYG,14526211
UXSPKBJR,GYHKIVQT,19265346
DNMPSKTB,BTMOEMEP,14626427
FTSVTTSR,SUOYXCHP,138090
DNMPSKTB,ZXERAXWP,158541
EVBVXETX,UXSPKBJR,603377
OGAFEHLU,QJQJSWFU,253297
FCYBOAXC,LUENUFGA,3337177
VWMBASNE,VUAFAIYJ,829660
KFQSHBNH,XUOIQPFL,2205134
DUCMGGNW,TANNMIMB,137021
QKXNTIIB,AHMDUILJ,226939
XIPPENFQ,AHMDUILJ,230392
JPBRUTWP,DBWLZWNK,280556
BJALXPFS,QJQJSWFU,253147
KJNSOAHR,BUZIIBYG,14507684
WBLJNPZQ,GYHKIVQT,19265707
AANGBULD,OXKURKXR,231526
QJQJSWFU,VWMBASNE,233924
AANGBULD,WPQXWHYO,11582597
JERHKLYW,RAWUKQMJ,3842120
JBVHSUWY,ZXERAXWP,166414
DJBLNPNC,DUCMGGNW,852250
LUENUFGA,WPQXWHYO,11576126
XMKRPGLB,SAAYMURU,165299
JPBRUTWP,ZXERAXWP,159099
UIFPPCLR,ZXERAXWP,166717
QRKRBYJL,BUZIIBYG,14523211
QJQJSWFU,RJGPVEXX,781755
JPBRUTWP,LSOIUSXD,357853
MBSBZBXA,AHMDUILJ,225224
ATLDMDBO,BJALXPFS,186872
BJALXPFS,XUOIQPFL,2210747
QVLMOEYE,UXSPKBJR,610589
GMBFCMIU,BJALXPFS,289968
QJQJSWFU,UXSPKBJR,611821
QJQJSWFU,AANGBULD,589504
GYHKIVQT,JBVHSUWY,471115
DEWLVASR,FTSVTTSR,320276
DBWLZWNK,OKMBFVKS,2021490
LPHPPJUG,SDWAYPIK,5830309
AHMDUILJ,HXYSSRXE,4867638
UXSPKBJR,LUENUFGA,3516617
SAHWCZNH,BJALXPFS,287297
FRHNWLNI,LRVGFDFM,2972828
BEZYMBBT,UIFPPCLR,230371
ZKENOUDA,QRKRBYJL,2307233
ATLDMDBO,WBLJNPZQ,235152
RCBZUSIM,GIKPEWTY,138173
OGAFEHLU,ZKENOUDA,504658
GYHKIVQT,UQYUIVVR,7136432
RJGPVEXX,UGEQLMXM,323095
BJALXPFS,WBLJNPZQ,294423
JPBRUTWP,LPHPPJUG,1300403
YSYHGLQK,OXKURKXR,232228
DEWLVASR,LUENUFGA,3517075
RCBZUSIM,RAWUKQMJ,3842119
AHMDUILJ,GMBFCMIU,137940
UXSPKBJR,LPHPPJUG,1307541
UGEQLMXM,BEZYMBBT,3123896
APQGTRMF,DEWLVASR,562638
CCLHWFWF,SUOYXCHP,103414
VMAQSTJE,SDWAYPIK,5832065
RAWUKQMJ,DEWLVASR,557792
LPHPPJUG,JBVHSUWY,492697
LLHREMKS,BEZYMBBT,3123275
GYHKIVQT,FDXPMYGF,101974
HCDTGMST,DDEXPPXU,151421
DBWLZWNK,OXKURKXR,231930
ROACSLMG,GIKPEWTY,134776
FTSVTTSR,FQCLOEXA,2128964
WQMVCOEM,BLANHGYY,185878
ZKENOUDA,WBLJNPZQ,293817
OKMBFVKS,DNMPSKTB,4925235
SAHWCZNH,ZGJXVMNI,2472063
VMAQSTJE,JPBRUTWP,5696157
JPBRUTWP,RJCAXSGH,4632749
DDEXPPXU,FTSVTTSR,320881
VBYCLTYZ,ELQGMQWE,818641
EVBVXETX,VBYCLTYZ,619026
UXSPKBJR,FITUEHWN,206469
UIFPPCLR,ATLDMDBO,43516996
EVBVXETX,DJBLNPNC,131123
OXKURKXR,XUOIQPFL,2210856
SUOYXCHP,SAAYMURU,165970
UXSPKBJR,BLANHGYY,185150
ZKENOUDA,UGEQLMXM,323347
RCBZUSIM,FRHNWLNI,926098
KEUWZRKO,WQMVCOEM,142014
ELQGMQWE,OXKURKXR,231063
UQYUIVVR,PLMZALFA,135201
ZXERAXWP,FRHNWLNI,926087
FRHNWLNI,BJALXPFS,288596
QRKRBYJL,WQMVCOEM,139900
RJGPVEXX,FRHNWLNI,925466
AHMDUILJ,BSRMSVTC,469852
SUOYXCHP,GIKPEWTY,138190
UIFPPCLR,IGDVVKUD,152457
TGOELCAG,DUCMGGNW,852189
JBVHSUWY,SDWAYPIK,5831800
AHMDUILJ,JPBRUTWP,5696044
DEWLVASR,QVLMOEYE,1085552
FDXPMYGF,AHMDUILJ,230486
QSDCUCLB,DDEXPPXU,151503
GIKPEWTY,PLMZALFA,138192
XUOIQPFL,RJGPVEXX,776952
VBYCLTYZ,WBLJNPZQ,294098
VWMBASNE,ZXERAXWP,166578
ATLDMDBO,FDXPMYGF,93623
ELQGMQWE,CCLHWFWF,15416395
LPHPPJUG,DNMPSKTB,4927217
QKXNTIIB,UQYUIVVR,7140623
RAWUKQMJ,ZKENOUDA,499366
SAAYMURU,FDXPMYGF,140526
BEZYMBBT,YSYHGLQK,138504
RAWUKQMJ,KEUWZRKO,472957
AHMDUILJ,SAHWCZNH,1824703
QSDCUCLB,FRHNWLNI,926108
AHMDUILJ,RCBZUSIM,145548
HXYSSRXE,VWMBASNE,223872
UIFPPCLR,RAWUKQMJ,3842061
XIFHSOWQ,ZXERAXWP,166750
LRVGFDFM,BUZIIBYG,14507244
JPBRUTWP,IGDVVKUD,143516
STZDBITS,OJIFIHMZ,3033309
XMKRPGLB,PYZMVUWD,142599
OKMBFVKS,WBLJNPZQ,291069
ZGJXVMNI,HXYSSRXE,4862935
KEUWZRKO,MIRCVAMV,194043
ZCELVYQU,ANWUJOKX,138184
OXKURKXR,LTOYKIML,556681
LSOIUSXD,XIFHSOWQ,188009
UIFPPCLR,DUCMGGNW,852236
DBWLZWNK,BJALXPFS,289546
AHMDUILJ,YSYHGLQK,144327
FRHNWLNI,UIFPPCLR,236491
XUOIQPFL,WBLJNPZQ,289002
BTMOEMEP,FDXPMYGF,124817
FWUCPMMW,FRHNWLNI,926107
VBYCLTYZ,ZXERAXWP,166423
SAHWCZNH,RAWUKQMJ,3839457
XMKRPGLB,ROACSLMG,2275107
UXSPKBJR,XUOIQPFL,2210114
EVBVXETX,ZGJXVMNI,2467387
DJBLNPNC,CCLHWFWF,15417564
TANNMIMB,ANWUJOKX,138192
WBLJNPZQ,PYZMVUWD,143049
XIIEJNEE,APQGTRMF,172196
GYHKIVQT,PYZMVUWD,101282
RJGPVEXX,PYZMVUWD,142239
FRHNWLNI,UXSPKBJR,609521
JBVHSUWY,UIFPPCLR,237774
ZKENOUDA,OXKURKXR,231704
LPHPPJUG,DEWLVASR,560797
WHPUAOID,XIIEJNEE,178218
GIKPEWTY,WQMVCOEM,142624
FDXPMYGF,SAHWCZNH,1824954
SDWAYPIK,ZXERAXWP,161777
OXKURKXR,VMAQSTJE,162689
GMBFCMIU,APQGTRMF,172196
XIPPENFQ,RAWUKQMJ,3842019
HXYSSRXE,WQMVCOEM,134263
HXYSSRXE,WPQXWHYO,11572125
DNMPSKTB,PYZMVUWD,134190
ZGJXVMNI,DUCMGGNW,846546
CCLHWFWF,QVLMOEYE,1021375
JSLXRQOK,YSYHGLQK,144453
HXYSSRXE,BJALXPFS,280138
RAWUKQMJ,BJALXPFS,284999
BEZYMBBT,DEWLVASR,556084
DBWLZWNK,DUCMGGNW,851867
RJGPVEXX,NAQIHUKZ,137408
QJQJSWFU,BEZYMBBT,3123797
FRHNWLNI,QVLMOEYE,1083932
NAQIHUKZ,OKMBFVKS,2021595
ZGJXVMNI,JBVHSUWY,490122
JERHKLYW,LTOYKIML,556869
VWMBASNE,ZKENOUDA,503784
ZXERAXWP,AANGBULD,589550
NZKBIBNU,ZKENOUDA,504306
OJIFIHMZ,FTSVTTSR,319346
NAQIHUKZ,RJCAXSGH,4640815
ZGJXVMNI,PYZMVUWD,138439
DJBLNPNC,FRHNWLNI,926108
KJNSOAHR,GMBFCMIU,124232
EVBVXETX,BUZIIBYG,14518175
RCBZUSIM,JBVHSUWY,494927
RAWUKQMJ,RJGPVEXX,776685
BEZYMBBT,QVLMOEYE,1081377
LSOIUSXD,DNMPSKTB,4928648
FDXPMYGF,FQCLOEXA,2129156
ATLDMDBO,XIIEJNEE,118838
HXYSSRXE,UIFPPCLR,227350
MBSBZBXA,TGOELCAG,351449
FDXPMYGF,CCLHWFWF,15417563
XUOIQPFL,HXYSSRXE,4861439
DEWLVASR,VWMBASNE,233421
UQYUIVVR,AHMDUILJ,229042
HXYSSRXE,QSDCUCLB,127684
BJALXPFS,ZGJXVMNI,2474435
AANGBULD,DDEXPPXU,151503
DUCMGGNW,BUZIIBYG,14526124
OXKURKXR,IGDVVKUD,152153
QRKRBYJL,LSOIUSXD,362299
SDWAYPIK,VMAQSTJE,159431
IGDVVKUD,XUOIQPFL,2210891
AHMDUILJ,VBYCLTYZ,627257
HXYSSRXE,XUOIQPFL,2202536
DBWLZWNK,BLANHGYY,185780
FTSVTTSR,RJCAXSGH,4640632
DNMPSKTB,BEZYMBBT,3116154
OJIFIHMZ,RUVXNNVA,133684
CCLHWFWF,UGEQLMXM,259236
VMAQSTJE,AHMDUILJ,230265
OKMBFVKS,UQYUIVVR,7145463
IGDVVKUD,JPBRUTWP,5696231
MBSBZBXA,QRKRBYJL,2303123
BLANHGYY,RAWUKQMJ,3842120
UIFPPCLR,RJGPVEXX,781922
UQYUIVVR,NAQIHUKZ,135715
DEWLVASR,QJQJSWFU,252929
WBLJNPZQ,AXULOHBQ,189749
QKXNTIIB,GIKPEWTY,134950
LRVGFDFM,XMKRPGLB,1131900
DDEXPPXU,OJIFIHMZ,3058723
ELQGMQWE,GIKPEWTY,137023
XIFHSOWQ,RAWUKQMJ,3842088
WQMVCOEM,XIFHSOWQ,188167
KFQSHBNH,UIFPPCLR,223920
AHMDUILJ,XUOIQPFL,2210754
ATLDMDBO,BEZYMBBT,3064615
JBVHSUWY,XUOIQPFL,2210612
ZGJXVMNI,OGAFEHLU,133361
BUZIIBYG,SNHYOVBM,333955
LPHPPJUG,PYZMVUWD,141377
OKMBFVKS,QRKRBYJL,2304553
RJCAXSGH,VMAQSTJE,155625
ATLDMDBO,WQMVCOEM,95669
DDEXPPXU,DEWLVASR,562668
CCLHWFWF,JSLXRQOK,82997
AANGBULD,LTOYKIML,556171
VBYCLTYZ,OKMBFVKS,2021469
GIKPEWTY,SNHYOVBM,365261
UXSPKBJR,DUCMGGNW,851466
OJIFIHMZ,BEZYMBBT,3120021
XIFHSOWQ,RJGPVEXX,781908
YSYHGLQK,FRHNWLNI,926104
WPQXWHYO,AHMDUILJ,210575
WBLJNPZQ,DNMPSKTB,4928405
XUOIQPFL,VUAFAIYJ,826252
OXKURKXR,LSOIUSXD,365724
UXSPKBJR,EVBVXETX,4934518
IGDVVKUD,OXKURKXR,232219
WPQXWHYO,PYZMVUWD,123343
BJALXPFS,BSRMSVTC,469544
FRHNWLNI,ZGJXVMNI,2473362
JSLXRQOK,DEWLVASR,562629
BJALXPFS,OKMBFVKS,2021296
FCYBOAXC,LSOIUSXD,198080
KJNSOAHR,ATLDMDBO,43500569
JPBRUTWP,EVBVXETX,4927919
MIRCVAMV,FITUEHWN,207307
FRHNWLNI,ZCELVYQU,321545
XUOIQPFL,WQMVCOEM,137497
UQYUIVVR,SUOYXCHP,137008
JPBRUTWP,UXSPKBJR,603977
FWUCPMMW,SUOYXCHP,138467
NAQIHUKZ,DBWLZWNK,290024
WQMVCOEM,SUOYXCHP,138467
WQMVCOEM,XIPPENFQ,260898
QJQJSWFU,GYHKIVQT,19265856
ZGJXVMNI,ELQGMQWE,814642
UXSPKBJR,UIFPPCLR,237242
JBVHSUWY,RJCAXSGH,4640727
IGDVVKUD,OKMBFVKS,2021582
ZKENOUDA,WPQXWHYO,11581928
SAHWCZNH,ZXERAXWP,164119
AANGBULD,ZGJXVMNI,2474028
LUENUFGA,ZGJXVMNI,2471816
BTMOEMEP,ROACSLMG,2249869
DEWLVASR,FQCLOEXA,2128040
JPBRUTWP,AANGBULD,582346
STZDBITS,ZXERAXWP,122856
LTOYKIML,XUOIQPFL,2210469
NZKBIBNU,VUAFAIYJ,829281
XIPPENFQ,UGEQLMXM,323891
FQCLOEXA,LLHREMKS,178339
WHPUAOID,LSOIUSXD,365890
GMBFCMIU,SUOYXCHP,138467
HCDTGMST,SAHWCZNH,1824821
FDXPMYGF,LSOIUSXD,365918
BEZYMBBT,XUOIQPFL,2206009
RCBZUSIM,STZDBITS,22043685
OKMBFVKS,AANGBULD,586903
VBYCLTYZ,WHPUAOID,167633
DDEXPPXU,FRHNWLNI,926094
IGDVVKUD,LPHPPJUG,1308242
MBSBZBXA,JBVHSUWY,484581
TGOELCAG,JPBRUTWP,5695677
STZDBITS,XMKRPGLB,1082978
ATLDMDBO,EVBVXETX,4832095
XIPPENFQ,QKXNTIIB,1609636
NZKBIBNU,LTOYKIML,556525
FITUEHWN,BEZYMBBT,3123947
KAGJCHMR,KJNSOAHR,14340675
ZGJXVMNI,KJNSOAHR,14336224
RCBZUSIM,FQCLOEXA,2129171
XIIEJNEE,DUCMGGNW,852249
DDEXPPXU,APQGTRMF,172146
FITUEHWN,UGEQLMXM,324054
OKMBFVKS,GIKPEWTY,134705
QJQJSWFU,QRKRBYJL,2307780
BTMOEMEP,UIFPPCLR,211611
JERHKLYW,DNMPSKTB,4928714
QJQJSWFU,DUCMGGNW,852135
LSOIUSXD,FQCLOEXA,2129116
ZCELVYQU,BEZYMBBT,3122120
KAGJCHMR,SDWAYPIK,5832091
UGEQLMXM,DEWLVASR,562536
OXKURKXR,BTMOEMEP,14634075
OKMBFVKS,DBWLZWNK,287001
ATLDMDBO,UIFPPCLR,186385
FQCLOEXA,GMBFCMIU,135830
XIIEJNEE,FITUEHWN,207203
GIKPEWTY,MBSBZBXA,4796852
VBYCLTYZ,FQCLOEXA,2128714
ZXERAXWP,ZKENOUDA,504590
GYHKIVQT,FCYBOAXC,105413020
XIIEJNEE,DNMPSKTB,4928722
WHPUAOID,WBLJNPZQ,294469
OKMBFVKS,XUOIQPFL,2208282
JBVHSUWY,AANGBULD,589530
JPBRUTWP,BSRMSVTC,462155
STZDBITS,PYZMVUWD,115047
OXKURKXR,JBVHSUWY,494807
KFQSHBNH,VMAQSTJE,148787
JPBRUTWP,DUCMGGNW,844977
JERHKLYW,AHMDUILJ,230493
JBVHSUWY,JERHKLYW,151311
ZXERAXWP,YSYHGLQK,144402
SUOYXCHP,VMAQSTJE,162707
SAHWCZNH,DNMPSKTB,4926051
RAWUKQMJ,WBLJNPZQ,289263
LSOIUSXD,AHMDUILJ,230429
FQCLOEXA,KAGJCHMR,143822
GYHKIVQT,VMAQSTJE,131030
FQCLOEXA,PLMZALFA,134744
RJGPVEXX,FQCLOEXA,2128448
ZGJXVMNI,QJQJSWFU,248437
QRKRBYJL,QJQJSWFU,251129
WPQXWHYO,AANGBULD,570621
XIIEJNEE,JPBRUTWP,5695965
GIKPEWTY,SUOYXCHP,138467
GIKPEWTY,STZDBITS,22043693
RJCAXSGH,FQCLOEXA,2122331
LPHPPJUG,WPQXWHYO,11580848
NAQIHUKZ,WHPUAOID,168608
NZKBIBNU,RJGPVEXX,781449
QJQJSWFU,LTOYKIML,556835
DBWLZWNK,LPHPPJUG,1306748
KAGJCHMR,ZXERAXWP,166773
FTSVTTSR,OKMBFVKS,2021349
GKQIJYDH,LLHREMKS,175873
SNHYOVBM,FRHNWLNI,926017
DEWLVASR,FCYBOAXC,105454434
RUVXNNVA,DEWLVASR,562690
VWMBASNE,NZKBIBNU,386637
AXULOHBQ,WQMVCOEM,142575
DBWLZWNK,NAQIHUKZ,137769
DNMPSKTB,JBVHSUWY,484573
BSRMSVTC,AHMDUILJ,230394
JBVHSUWY,OKMBFVKS,2021310
RJGPVEXX,DEWLVASR,561459
JPBRUTWP,FRHNWLNI,918835
GYHKIVQT,JPBRUTWP,5664543
RJCAXSGH,SDWAYPIK,5824995
FCYBOAXC,UQYUIVVR,6970039
HXYSSRXE,ELQGMQWE,810052
EVBVXETX,BTMOEMEP,14628000
ROACSLMG,HCDTGMST,172536
GYHKIVQT,FITUEHWN,165494
GKQIJYDH,DBWLZWNK,200753
BSRMSVTC,QJQJSWFU,252628
ZXERAXWP,FWUCPMMW,151817
LSOIUSXD,LPHPPJUG,1308013
FCYBOAXC,QSDCUCLB,0
BLANHGYY,QSDCUCLB,138188
DBWLZWNK,RAWUKQMJ,3840633
JBVHSUWY,WHPUAOID,168330
IGDVVKUD,FRHNWLNI,926096
CCLHWFWF,PLMZALFA,117939
JBVHSUWY,HCDTGMST,175114
QVLMOEYE,DEWLVASR,561114
ZCELVYQU,KJNSOAHR,14338989
KJNSOAHR,ANWUJOKX,118989
KJNSOAHR,XIIEJNEE,157932
OKMBFVKS,BLANHGYY,182744
VWMBASNE,AHMDUILJ,230289
ZCELVYQU,AXULOHBQ,190059
RCBZUSIM,RJGPVEXX,781955
RCBZUSIM,BUZIIBYG,14526813
LRVGFDFM,EVBVXETX,4887268
WQMVCOEM,AHMDUILJ,230501
AHMDUILJ,XIFHSOWQ,187967
UIFPPCLR,ZGJXVMNI,2474594
BEZYMBBT,OXKURKXR,226266
ROACSLMG,GMBFCMIU,135174
FTSVTTSR,DBWLZWNK,289711
DUCMGGNW,FRHNWLNI,924937
ZXERAXWP,LTOYKIML,556809
RCBZUSIM,LPHPPJUG,1308217
AHMDUILJ,KEUWZRKO,480415
KAGJCHMR,GYHKIVQT,19266031
QKXNTIIB,SAAYMURU,158611
TANNMIMB,RJGPVEXX,781978
RCBZUSIM,VBYCLTYZ,627500
LPHPPJUG,PLMZALFA,136407
FITUEHWN,QSDCUCLB,138124
PYZMVUWD,ZKENOUDA,504658
OGAFEHLU,LSOIUSXD,365888
VBYCLTYZ,GIKPEWTY,137734
XIPPENFQ,LPHPPJUG,1308007
VBYCLTYZ,UIFPPCLR,237736
XIIEJNEE,SUOYXCHP,138467
FQCLOEXA,WQMVCOEM,140216
SUOYXCHP,FQCLOEXA,2129170
XMKRPGLB,VMAQSTJE,161716
ZGJXVMNI,AXULOHBQ,186206
XIPPENFQ,LSOIUSXD,365684
ANWUJOKX,BJALXPFS,289924
LSOIUSXD,ZXERAXWP,166717
OKMBFVKS,OGAFEHLU,135476
GIKPEWTY,LSOIUSXD,365919
QJQJSWFU,RCBZUSIM,145486
HXYSSRXE,OKMBFVKS,2011082
ROACSLMG,UXSPKBJR,608737
STZDBITS,FQCLOEXA,2095039
WPQXWHYO,OKMBFVKS,2007681
AHMDUILJ,IGDVVKUD,152271
KEUWZRKO,KJNSOAHR,14340358
KAGJCHMR,OXKURKXR,232231
RAWUKQMJ,BLANHGYY,178520
SNHYOVBM,GIKPEWTY,138191
LRVGFDFM,QJQJSWFU,231960
HCDTGMST,JPBRUTWP,5696164
ROACSLMG,RAWUKQMJ,3838713
PYZMVUWD,OXKURKXR,232232
AHMDUILJ,JERHKLYW,151256
BEZYMBBT,ANWUJOKX,130700
ZGJXVMNI,NAQIHUKZ,135931
LUENUFGA,UGEQLMXM,311996
RUVXNNVA,QKXNTIIB,1609726
FCYBOAXC,MIRCVAMV,12974
SDWAYPIK,FQCLOEXA,2120470
WHPUAOID,FRHNWLNI,926021
ZXERAXWP,AHMDUILJ,230433
SAHWCZNH,FITUEHWN,202257
MIRCVAMV,FCYBOAXC,105455004
ATLDMDBO,XIPPENFQ,192994
HCDTGMST,OKMBFVKS,2021440
HXYSSRXE,TGOELCAG,348568
JPBRUTWP,KFQSHBNH,10057058
SDWAYPIK,DJBLNPNC,133185
AXULOHBQ,QJQJSWFU,253248
PYZMVUWD,EVBVXETX,4935192
QSDCUCLB,OXKURKXR,232232
APQGTRMF,AANGBULD,589579
EVBVXETX,WQMVCOEM,135278
UGEQLMXM,FWUCPMMW,151656
JPBRUTWP,VMAQSTJE,154664
HCDTGMST,VBYCLTYZ,627375
TGOELCAG,BUZIIBYG,14526831
SNHYOVBM,ELQGMQWE,819292
NZKBIBNU,ZCELVYQU,322934
AHMDUILJ,ANWUJOKX,138007
AHMDUILJ,WBLJNPZQ,294304
BEZYMBBT,STZDBITS,22037728
EVBVXETX,AXULOHBQ,182720
SUOYXCHP,LUENUFGA,3517654
WBLJNPZQ,QKXNTIIB,1609410
WQMVCOEM,KEUWZRKO,480600
LPHPPJUG,RAWUKQMJ,3840010
NZKBIBNU,ZXERAXWP,166216
XMKRPGLB,KAGJCHMR,143398
TGOELCAG,FRHNWLNI,926108
CCLHWFWF,NZKBIBNU,351734
DNMPSKTB,MBSBZBXA,4788344
OXKURKXR,VBYCLTYZ,627363
UXSPKBJR,FWUCPMMW,151183
DDEXPPXU,ZKENOUDA,504636
UIFPPCLR,JBVHSUWY,494897
VMAQSTJE,SNHYOVBM,365139
GMBFCMIU,RAWUKQMJ,3842128
BTMOEMEP,ZGJXVMNI,2462037
OGAFEHLU,LPHPPJUG,1308243
QSDCUCLB,FCYBOAXC,105455008
WPQXWHYO,XIIEJNEE,158316
QJQJSWFU,KJNSOAHR,14340774
DUCMGGNW,RAWUKQMJ,3838361
LTOYKIML,ROACSLMG,2275624
HXYSSRXE,LUENUFGA,3507141
RUVXNNVA,KFQSHBNH,10064898
YSYHGLQK,TANNMIMB,138186
ZGJXVMNI,UIFPPCLR,235602
LPHPPJUG,GYHKIVQT,19264257
ROACSLMG,WQMVCOEM,139211
QRKRBYJL,GMBFCMIU,134571
VWMBASNE,BSRMSVTC,469121
QJQJSWFU,LPHPPJUG,1308021
JERHKLYW,UIFPPCLR,237852
PYZMVUWD,SAHWCZNH,1824948
VUAFAIYJ,AANGBULD,589417
VMAQSTJE,ZXERAXWP,166754
IGDVVKUD,RAWUKQMJ,3842127
DBWLZWNK,DEWLVASR,562308
APQGTRMF,BJALXPFS,289928
WBLJNPZQ,JERHKLYW,151059
UGEQLMXM,UIFPPCLR,237633
LPHPPJUG,BSRMSVTC,468204
XIPPENFQ,KJNSOAHR,14340779
SDWAYPIK,BLANHGYY,182864
ZGJXVMNI,RCBZUSIM,141817
FTSVTTSR,ZKENOUDA,504281
RUVXNNVA,RJCAXSGH,4640815
GKQIJYDH,ZCELVYQU,317594
OXKURKXR,LPHPPJUG,1308102
NZKBIBNU,QJQJSWFU,252768
AXULOHBQ,SUOYXCHP,138334
RJCAXSGH,XIIEJNEE,170223
TGOELCAG,PYZMVUWD,142501
BTMOEMEP,AXULOHBQ,171540
CCLHWFWF,FITUEHWN,190793
XUOIQPFL,PYZMVUWD,136639
SDWAYPIK,QSDCUCLB,129879
UQYUIVVR,JERHKLYW,148923
ZKENOUDA,JPBRUTWP,5695465
QJQJSWFU,ZKENOUDA,504435
FCYBOAXC,GIKPEWTY,0
KAGJCHMR,NZKBIBNU,386573
VUAFAIYJ,VBYCLTYZ,627153
PYZMVUWD,OGAFEHLU,138192
TANNMIMB,BSRMSVTC,469995
CCLHWFWF,HCDTGMST,114970
WHPUAOID,GIKPEWTY,138177
FRHNWLNI,JPBRUTWP,5694872
SAHWCZNH,JBVHSUWY,489728
KEUWZRKO,ATLDMDBO,43516520
LPHPPJUG,RJGPVEXX,780193
DUCMGGNW,HXYSSRXE,4866941
BLANHGYY,ROACSLMG,2276114
QSDCUCLB,FWUCPMMW,151885
GIKPEWTY,VUAFAIYJ,829810
ANWUJOKX,XUOIQPFL,2210897
MIRCVAMV,LPHPPJUG,1308239
RCBZUSIM,UIFPPCLR,237854
ATLDMDBO,VWMBASNE,131039
ANWUJOKX,UGEQLMXM,324126
VMAQSTJE,RJGPVEXX,781890
OXKURKXR,OJIFIHMZ,3058532
ZGJXVMNI,ZXERAXWP,161086
BTMOEMEP,SUOYXCHP,127395
UXSPKBJR,UGEQLMXM,323453
LRVGFDFM,BLANHGYY,148061
ELQGMQWE,RJGPVEXX,781224
LPHPPJUG,ELQGMQWE,817515
VBYCLTYZ,DBWLZWNK,289660
PYZMVUWD,JPBRUTWP,5696244
FRHNWLNI,DDEXPPXU,149169
QRKRBYJL,DBWLZWNK,286405
RCBZUSIM,ZKENOUDA,504640
BTMOEMEP,KJNSOAHR,14325127
PLMZALFA,SAHWCZNH,1824955
GIKPEWTY,PYZMVUWD,143270
AHMDUILJ,WQMVCOEM,142496
MBSBZBXA,PLMZALFA,127820
OKMBFVKS,UXSPKBJR,609524
VUAFAIYJ,JPBRUTWP,5696027
XIPPENFQ,KAGJCHMR,146333
LPHPPJUG,ZXERAXWP,164999
DJBLNPNC,LRVGFDFM,2975161
DBWLZWNK,UIFPPCLR,237480
BJALXPFS,ZKENOUDA,504207
ROACSLMG,XIIEJNEE,175015
SUOYXCHP,XIFHSOWQ,187815
FRHNWLNI,GYHKIVQT,19263526
AXULOHBQ,AANGBULD,589569
LRVGFDFM,FCYBOAXC,105433672
QVLMOEYE,OXKURKXR,230655
GMBFCMIU,DNMPSKTB,4928722
LRVGFDFM,ZGJXVMNI,2455147
ATLDMDBO,AANGBULD,542663
GIKPEWTY,SAHWCZNH,1824955
FQCLOEXA,DJBLNPNC,137732
RCBZUSIM,QRKRBYJL,2307963
FQCLOEXA,SAAYMURU,163922
LTOYKIML,WHPUAOID,168103
VMAQSTJE,DEWLVASR,562566
QVLMOEYE,GIKPEWTY,136751
OJIFIHMZ,UXSPKBJR,608162
ROACSLMG,GYHKIVQT,19262820
VUAFAIYJ,DEWLVASR,562235
JBVHSUWY,STZDBITS,22043042
MIRCVAMV,OXKURKXR,232232
JERHKLYW,XUOIQPFL,2210887
UQYUIVVR,SDWAYPIK,5826144
DBWLZWNK,NZKBIBNU,386681
FRHNWLNI,QJQJSWFU,250963
FQCLOEXA,JSLXRQOK,146277
BTMOEMEP,BEZYMBBT,3108258
QJQJSWFU,BUZIIBYG,14526640
ZXERAXWP,WBLJNPZQ,294526
UXSPKBJR,OXKURKXR,231220
OKMBFVKS,PYZMVUWD,140554
YSYHGLQK,VMAQSTJE,162730
FWUCPMMW,ROACSLMG,2276121
RJGPVEXX,NZKBIBNU,386003
WQMVCOEM,FRHNWLNI,925823
VWMBASNE,EVBVXETX,4934980
AXULOHBQ,GYHKIVQT,19265943
FDXPMYGF,DNMPSKTB,4928716
RCBZUSIM,DJBLNPNC,139771
BSRMSVTC,SAHWCZNH,1824290
NZKBIBNU,VWMBASNE,233561
AANGBULD,NZKBIBNU,386081
OGAFEHLU,XIFHSOWQ,188167
OKMBFVKS,QJQJSWFU,250581
KEUWZRKO,QJQJSWFU,252651
LSOIUSXD,EVBVXETX,4935119
LSOIUSXD,DEWLVASR,562531
FWUCPMMW,DUCMGGNW,852235
FQCLOEXA,VBYCLTYZ,624762
ZCELVYQU,FDXPMYGF,139531
LPHPPJUG,OKMBFVKS,2019810
GKQIJYDH,ELQGMQWE,812969
ZXERAXWP,KJNSOAHR,14340820
CCLHWFWF,JBVHSUWY,428927
ELQGMQWE,YSYHGLQK,143675
BJALXPFS,QSDCUCLB,137961
JBVHSUWY,GYHKIVQT,19265672
UQYUIVVR,KEUWZRKO,477609
KAGJCHMR,LLHREMKS,181778
JBVHSUWY,PYZMVUWD,142618
ZGJXVMNI,XIFHSOWQ,185907
OKMBFVKS,LLHREMKS,179171
EVBVXETX,JSLXRQOK,140366
QVLMOEYE,UGEQLMXM,322295
BJALXPFS,BTMOEMEP,14633993
LSOIUSXD,BJALXPFS,289739
RJGPVEXX,OGAFEHLU,137160
QKXNTIIB,JERHKLYW,149929
DUCMGGNW,SUOYXCHP,136878
UXSPKBJR,XIFHSOWQ,187130
AANGBULD,RJGPVEXX,781272
ROACSLMG,OXKURKXR,229427
ELQGMQWE,DNMPSKTB,4927049
RAWUKQMJ,OGAFEHLU,130549
ZGJXVMNI,MBSBZBXA,4792992
STZDBITS,DBWLZWNK,261803
KAGJCHMR,ZGJXVMNI,2474733
BSRMSVTC,DNMPSKTB,4928417
CCLHWFWF,QKXNTIIB,1544835
FTSVTTSR,YSYHGLQK,144254
BJALXPFS,VBYCLTYZ,627210
NAQIHUKZ,SNHYOVBM,365261
XUOIQPFL,RJCAXSGH,4634488
DJBLNPNC,DNMPSKTB,4928722
XIPPENFQ,AXULOHBQ,189893
DEWLVASR,DUCMGGNW,851118
ROACSLMG,RCBZUSIM,142264
LUENUFGA,HXYSSRXE,4861253
RJGPVEXX,ANWUJOKX,136961
ROACSLMG,TANNMIMB,135174
GYHKIVQT,RAWUKQMJ,3830578
FRHNWLNI,GMBFCMIU,136820
SNHYOVBM,ZXERAXWP,166776
DBWLZWNK,FQCLOEXA,2128749
CCLHWFWF,JPBRUTWP,5635372
PLMZALFA,UIFPPCLR,237863
LUENUFGA,AHMDUILJ,223684
FITUEHWN,KFQSHBNH,10064740
UIFPPCLR,OGAFEHLU,138052
APQGTRMF,WQMVCOEM,142620
UGEQLMXM,ELQGMQWE,819152
VMAQSTJE,XMKRPGLB,1169765
QVLMOEYE,UIFPPCLR,236031
OKMBFVKS,UGEQLMXM,321607
FQCLOEXA,AANGBULD,586171
MBSBZBXA,ROACSLMG,2271761
UIFPPCLR,AANGBULD,589563
VWMBASNE,FRHNWLNI,925958
VUAFAIYJ,OGAFEHLU,137198
DNMPSKTB,UQYUIVVR,7139733
IGDVVKUD,BEZYMBBT,3124007
FRHNWLNI,WQMVCOEM,140442
ELQGMQWE,ZGJXVMNI,2473980
APQGTRMF,FRHNWLNI,926104
EVBVXETX,QVLMOEYE,1077609
MIRCVAMV,LSOIUSXD,365919
DBWLZWNK,ZXERAXWP,166374
ZCELVYQU,VBYCLTYZ,625626
DNMPSKTB,LSOIUSXD,358063
ZGJXVMNI,OXKURKXR,227568
BUZIIBYG,WQMVCOEM,112701
DBWLZWNK,SDWAYPIK,5830605
ZXERAXWP,XUOIQPFL,2210829
BSRMSVTC,ZGJXVMNI,2474069
XIFHSOWQ,ATLDMDBO,43516981
DJBLNPNC,TANNMIMB,138192
DEWLVASR,JBVHSUWY,494374
QKXNTIIB,APQGTRMF,168956
XUOIQPFL,SNHYOVBM,358934
FTSVTTSR,QKXNTIIB,1609480
QKXNTIIB,QJQJSWFU,251826
WPQXWHYO,ZXERAXWP,145861
STZDBITS,SNHYOVBM,278237
DBWLZWNK,JSLXRQOK,148608
SDWAYPIK,HCDTGMST,169247
ZKENOUDA,VBYCLTYZ,627375
UIFPPCLR,JERHKLYW,151333
FDXPMYGF,BJALXPFS,289966
GKQIJYDH,FDXPMYGF,131055
NAQIHUKZ,YSYHGLQK,144462
BJALXPFS,FITUEHWN,207332
AHMDUILJ,BTMOEMEP,14634149
DNMPSKTB,DDEXPPXU,143646
FRHNWLNI,FDXPMYGF,138543
WPQXWHYO,FDXPMYGF,120652
ZKENOUDA,RAWUKQMJ,3841390
ANWUJOKX,FQCLOEXA,2129171
YSYHGLQK,RCBZUSIM,145673
JBVHSUWY,QJQJSWFU,252921
RJCAXSGH,DBWLZWNK,282006
KFQSHBNH,FQCLOEXA,2123408
UXSPKBJR,ROACSLMG,2275500
CCLHWFWF,WBLJNPZQ,228530
QSDCUCLB,AHMDUILJ,230501
LTOYKIML,WBLJNPZQ,294093
KFQSHBNH,MBSBZBXA,4782908
VUAFAIYJ,GYHKIVQT,19265691
BSRMSVTC,MBSBZBXA,4796169
BTMOEMEP,RJGPVEXX,769281
XIFHSOWQ,AHMDUILJ,230439
ELQGMQWE,JERHKLYW,150605
OJIFIHMZ,NAQIHUKZ,130444
FRHNWLNI,UGEQLMXM,322091
YSYHGLQK,ZGJXVMNI,2474730
OXKURKXR,FDXPMYGF,140537
BEZYMBBT,BTMOEMEP,14628327
RAWUKQMJ,LPHPPJUG,1302882
FWUCPMMW,WQMVCOEM,142624
JPBRUTWP,UIFPPCLR,229796
DBWLZWNK,BEZYMBBT,3123914
TANNMIMB,WBLJNPZQ,294556
SAAYMURU,BEZYMBBT,3123936
KAGJCHMR,LPHPPJUG,1308224
JBVHSUWY,AHMDUILJ,229774
FQCLOEXA,VMAQSTJE,160279
FITUEHWN,FDXPMYGF,140420
KJNSOAHR,XUOIQPFL,2191695
SNHYOVBM,RAWUKQMJ,3842037
DDEXPPXU,JSLXRQOK,149000
FITUEHWN,DJBLNPNC,139707
BLANHGYY,YSYHGLQK,144461
HCDTGMST,BTMOEMEP,14634159
MIRCVAMV,JERHKLYW,151361
ELQGMQWE,DBWLZWNK,289012
ELQGMQWE,XMKRPGLB,1169207
BUZIIBYG,KEUWZRKO,455247
AANGBULD,SAAYMURU,165908
YSYHGLQK,GYHKIVQT,19266043
FCYBOAXC,VWMBASNE,38852
JPBRUTWP,BLANHGYY,178472
BUZIIBYG,XMKRPGLB,1137074
FWUCPMMW,RCBZUSIM,145677
HXYSSRXE,QRKRBYJL,2297458
KJNSOAHR,FITUEHWN,193522
BJALXPFS,RAWUKQMJ,3841978
AANGBULD,UQYUIVVR,7147276
QRKRBYJL,EVBVXETX,4927355
KJNSOAHR,XIPPENFQ,240588
SAAYMURU,KAGJCHMR,146542
FDXPMYGF,MBSBZBXA,4796846
PLMZALFA,JSLXRQOK,149023
ZGJXVMNI,VWMBASNE,229304
BJALXPFS,SUOYXCHP,138334
UQYUIVVR,JBVHSUWY,491606
RAWUKQMJ,DJBLNPNC,134487
YSYHGLQK,XMKRPGLB,1169997
XIIEJNEE,RAWUKQMJ,3841849
VWMBASNE,FITUEHWN,207332
GYHKIVQT,ZCELVYQU,291808
WHPUAOID,WQMVCOEM,142610
MBSBZBXA,FTSVTTSR,316571
LRVGFDFM,BJALXPFS,251867
RAWUKQMJ,XIFHSOWQ,182875
UGEQLMXM,SUOYXCHP,138343
LTOYKIML,OJIFIHMZ,3058303
CCLHWFWF,XIPPENFQ,225845
CCLHWFWF,TANNMIMB,73301
LSOIUSXD,APQGTRMF,171935
RAWUKQMJ,CCLHWFWF,15409921
HCDTGMST,QKXNTIIB,1609646
XIPPENFQ,WBLJNPZQ,294396
RCBZUSIM,ELQGMQWE,819306
FITUEHWN,RJCAXSGH,4640620
VMAQSTJE,LPHPPJUG,1308207
KJNSOAHR,LSOIUSXD,346772
XIIEJNEE,OGAFEHLU,138192
UIFPPCLR,VMAQSTJE,162675
UXSPKBJR,OKMBFVKS,2020894
OGAFEHLU,ZXERAXWP,166790
VBYCLTYZ,DEWLVASR,562233
LSOIUSXD,FDXPMYGF,140506
VWMBASNE,XUOIQPFL,2210762
FITUEHWN,ZCELVYQU,323443
LLHREMKS,BJALXPFS,289861
VBYCLTYZ,GMBFCMIU,138065
QRKRBYJL,JBVHSUWY,487116
AHMDUILJ,FTSVTTSR,320730
RCBZUSIM,VMAQSTJE,162708
VBYCLTYZ,AANGBULD,589492
SUOYXCHP,MBSBZBXA,4796852
FDXPMYGF,ROACSLMG,2276119
RAWUKQMJ,ELQGMQWE,811663
XIFHSOWQ,KEUWZRKO,480530
JPBRUTWP,YSYHGLQK,136403
KFQSHBNH,DBWLZWNK,284263
PLMZALFA,EVBVXETX,4935192
VMAQSTJE,ZGJXVMNI,2474698
JBVHSUWY,KFQSHBNH,10064809
JERHKLYW,KEUWZRKO,480591
KEUWZRKO,HCDTGMST,175231
JERHKLYW,QRKRBYJL,2307949
QRKRBYJL,VWMBASNE,233011
WPQXWHYO,VWMBASNE,214208
BEZYMBBT,VBYCLTYZ,618812
WHPUAOID,RUVXNNVA,138167
RCBZUSIM,LSOIUSXD,365894
QSDCUCLB,APQGTRMF,172196
RCBZUSIM,XMKRPGLB,1169979
NZKBIBNU,WQMVCOEM,142194
LPHPPJUG,BJALXPFS,287850
HCDTGMST,SUOYXCHP,138385
FWUCPMMW,UQYUIVVR,7147982
XMKRPGLB,FITUEHWN,206468
TGOELCAG,UIFPPCLR,237802
QSDCUCLB,UIFPPCLR,237863
LSOIUSXD,QKXNTIIB,1609567
LUENUFGA,SDWAYPIK,5819970
XMKRPGLB,AHMDUILJ,230051
VMAQSTJE,SAHWCZNH,1824920
ZKENOUDA,ATLDMDBO,43516313
LLHREMKS,VUAFAIYJ,829066
TGOELCAG,SAHWCZNH,1824186
AHMDUILJ,QVLMOEYE,1086014
ANWUJOKX,GYHKIVQT,19266048
SAAYMURU,QJQJSWFU,253244
OKMBFVKS,RAWUKQMJ,3839609
VMAQSTJE,KJNSOAHR,14340652
FTSVTTSR,BEZYMBBT,3123642
RJGPVEXX,ZCELVYQU,322867
JERHKLYW,WBLJNPZQ,294545
RCBZUSIM,TGOELCAG,357375
OXKURKXR,BJALXPFS,289927
ZXERAXWP,VUAFAIYJ,829791
APQGTRMF,MBSBZBXA,4796800
XUOIQPFL,DUCMGGNW,845923
LTOYKIML,UXSPKBJR,611531
DEWLVASR,BTMOEMEP,14633579
DJBLNPNC,APQGTRMF,172196
BJALXPFS,ATLDMDBO,43516918
STZDBITS,FITUEHWN,163548
BUZIIBYG,WHPUAOID,138692
BJALXPFS,XIIEJNEE,178069
BTMOEMEP,BUZIIBYG,14500580
BJALXPFS,MBSBZBXA,4796678
AHMDUILJ,ROACSLMG,2275869
KEUWZRKO,HXYSSRXE,4866718
FCYBOAXC,ATLDMDBO,43344699
LPHPPJUG,WBLJNPZQ,292765
KAGJCHMR,UGEQLMXM,324108
SUOYXCHP,XUOIQPFL,2210896
DJBLNPNC,BJALXPFS,289966
MBSBZBXA,UQYUIVVR,7133150
JSLXRQOK,FDXPMYGF,140517
BEZYMBBT,QJQJSWFU,246691
EVBVXETX,XIIEJNEE,169586
VUAFAIYJ,OXKURKXR,231238
VWMBASNE,LSOIUSXD,365785
KJNSOAHR,DDEXPPXU,135020
JERHKLYW,LPHPPJUG,1308234
RCBZUSIM,OKMBFVKS,2021587
SDWAYPIK,FDXPMYGF,135565
KEUWZRKO,JBVHSUWY,494344
VMAQSTJE,BEZYMBBT,3123932
GYHKIVQT,XIIEJNEE,154405
APQGTRMF,VBYCLTYZ,627457
JPBRUTWP,ANWUJOKX,130352
APQGTRMF,ZKENOUDA,504653
MBSBZBXA,DUCMGGNW,847890
XMKRPGLB,LSOIUSXD,365469
BEZYMBBT,FTSVTTSR,314324
OJIFIHMZ,RCBZUSIM,141169
GYHKIVQT,VBYCLTYZ,603286
ZXERAXWP,DEWLVASR,562622
NAQIHUKZ,KFQSHBNH,10064896
OGAFEHLU,TANNMIMB,138192
KAGJCHMR,DUCMGGNW,852233
MBSBZBXA,OJIFIHMZ,3043918
TGOELCAG,AHMDUILJ,229934
KAGJCHMR,RUVXNNVA,138173
LUENUFGA,ZCELVYQU,320591
UXSPKBJR,XMKRPGLB,1169300
ZCELVYQU,GKQIJYDH,7678014
ATLDMDBO,FRHNWLNI,864255
KJNSOAHR,GYHKIVQT,19249157
GKQIJYDH,DDEXPPXU,83449
ZCELVYQU,ATLDMDBO,43516004
RJGPVEXX,BEZYMBBT,3122966
QVLMOEYE,AANGBULD,588178
QVLMOEYE,LSOIUSXD,364398
ANWUJOKX,SUOYXCHP,138467
QKXNTIIB,LTOYKIML,553315
WBLJNPZQ,APQGTRMF,171880
UQYUIVVR,JSLXRQOK,146032
ZGJXVMNI,JPBRUTWP,5690540
SDWAYPIK,FRHNWLNI,917790
BUZIIBYG,JSLXRQOK,119100
OKMBFVKS,BJALXPFS,286550
OGAFEHLU,DEWLVASR,562690
CCLHWFWF,XUOIQPFL,2146007
YSYHGLQK,JERHKLYW,151395
VMAQSTJE,GYHKIVQT,19265926
LRVGFDFM,PYZMVUWD,142100
PYZMVUWD,FCYBOAXC,105455006
VWMBASNE,WPQXWHYO,11582427
RAWUKQMJ,MIRCVAMV,189754
UXSPKBJR,DJBLNPNC,139159
WPQXWHYO,FITUEHWN,193123
GYHKIVQT,BTMOEMEP,14610455
ZKENOUDA,LPHPPJUG,1307715
GKQIJYDH,LPHPPJUG,1294213
YSYHGLQK,QRKRBYJL,2307966
KEUWZRKO,ZGJXVMNI,2473685
SAHWCZNH,XMKRPGLB,1167330
QJQJSWFU,APQGTRMF,172082
RUVXNNVA,DBWLZWNK,290026
RJCAXSGH,DUCMGGNW,844230
KEUWZRKO,QSDCUCLB,137362
XMKRPGLB,OKMBFVKS,2020581
VUAFAIYJ,GIKPEWTY,137198
QJQJSWFU,ZCELVYQU,323466
SDWAYPIK,JBVHSUWY,491654
XIIEJNEE,GYHKIVQT,19265768
UGEQLMXM,ZXERAXWP,166666
NZKBIBNU,WHPUAOID,168086
FCYBOAXC,JERHKLYW,0
QKXNTIIB,WBLJNPZQ,291315
RCBZUSIM,SDWAYPIK,5832082
STZDBITS,BUZIIBYG,14498609
QKXNTIIB,WPQXWHYO,11579814
IGDVVKUD,DBWLZWNK,290015
GIKPEWTY,QKXNTIIB,1609726
FITUEHWN,AXULOHBQ,189871
PLMZALFA,BJALXPFS,289968
ROACSLMG,BLANHGYY,183357
JPBRUTWP,QSDCUCLB,128726
VMAQSTJE,ZKENOUDA,504623
OGAFEHLU,VMAQSTJE,162730
XMKRPGLB,XIPPENFQ,260227
OJIFIHMZ,TGOELCAG,350775
FQCLOEXA,DUCMGGNW,849841
HXYSSRXE,AHMDUILJ,221671
FQCLOEXA,TGOELCAG,353950
LSOIUSXD,BSRMSVTC,469766
YSYHGLQK,XUOIQPFL,2210883
UGEQLMXM,VMAQSTJE,162607
UIFPPCLR,JPBRUTWP,5696230
DBWLZWNK,YSYHGLQK,144087
PYZMVUWD,QSDCUCLB,138190
RJGPVEXX,ZXERAXWP,166066
ATLDMDBO,LUENUFGA,3466176
TGOELCAG,PLMZALFA,137422
UXSPKBJR,AXULOHBQ,189053
FCYBOAXC,DUCMGGNW,679898
OKMBFVKS,ROACSLMG,2272702
JERHKLYW,OXKURKXR,232224
SDWAYPIK,JERHKLYW,142698
BSRMSVTC,OKMBFVKS,2021291
ZXERAXWP,NAQIHUKZ,138172
FITUEHWN,LUENUFGA,3517496
XIPPENFQ,JPBRUTWP,5696008
ZCELVYQU,IGDVVKUD,150571
DEWLVASR,LLHREMKS,181419
UXSPKBJR,VMAQSTJE,161718
BSRMSVTC,ZKENOUDA,503994
HXYSSRXE,VMAQSTJE,152900
VUAFAIYJ,ELQGMQWE,818950
RCBZUSIM,XIPPENFQ,260889
PYZMVUWD,MBSBZBXA,4796805
UGEQLMXM,JERHKLYW,151170
FWUCPMMW,QJQJSWFU,253296
GMBFCMIU,DUCMGGNW,852250
OGAFEHLU,KJNSOAHR,14340857
XMKRPGLB,QJQJSWFU,250177
HXYSSRXE,WBLJNPZQ,285726
RUVXNNVA,AANGBULD,589619
FITUEHWN,MBSBZBXA,4796694
IGDVVKUD,RCBZUSIM,145646
HXYSSRXE,NZKBIBNU,376524
DDEXPPXU,BJALXPFS,289945
WHPUAOID,HCDTGMST,175600
UIFPPCLR,RCBZUSIM,145610
MIRCVAMV,RJGPVEXX,781978
FRHNWLNI,XUOIQPFL,2208715
DUCMGGNW,DEWLVASR,561520
FRHNWLNI,ANWUJOKX,135669
YSYHGLQK,WBLJNPZQ,294556
DBWLZWNK,AHMDUILJ,230119
WHPUAOID,VUAFAIYJ,829569
DBWLZWNK,ZGJXVMNI,2474431
RJCAXSGH,MBSBZBXA,4790788
KAGJCHMR,YSYHGLQK,144256
UXSPKBJR,DEWLVASR,562070
HXYSSRXE,RCBZUSIM,137315
ROACSLMG,DUCMGGNW,848836
DDEXPPXU,GIKPEWTY,138178
EVBVXETX,DUCMGGNW,844903
WBLJNPZQ,LTOYKIML,556691
BLANHGYY,FCYBOAXC,105455000
ELQGMQWE,WPQXWHYO,11581844
JPBRUTWP,FCYBOAXC,105447318
FWUCPMMW,SAAYMURU,165970
FRHNWLNI,BTMOEMEP,14632329
ELQGMQWE,NZKBIBNU,385618
UQYUIVVR,VWMBASNE,230788
BSRMSVTC,JERHKLYW,150717
QJQJSWFU,FDXPMYGF,140355
VUAFAIYJ,FTSVTTSR,319937
FITUEHWN,LSOIUSXD,365785
VWMBASNE,STZDBITS,22043544
ZXERAXWP,KAGJCHMR,146549
BSRMSVTC,NZKBIBNU,386583
SNHYOVBM,OXKURKXR,232141
KEUWZRKO,PLMZALFA,137546
SNHYOVBM,UXSPKBJR,610214
YSYHGLQK,DNMPSKTB,4928708
DBWLZWNK,ROACSLMG,2276015
WBLJNPZQ,DDEXPPXU,151186
QRKRBYJL,BSRMSVTC,468871
BLANHGYY,ZGJXVMNI,2474734
VMAQSTJE,FCYBOAXC,105454771
DNMPSKTB,BLANHGYY,178306
QJQJSWFU,FRHNWLNI,925993
IGDVVKUD,SAAYMURU,165964
ROACSLMG,QVLMOEYE,1083039
KJNSOAHR,BEZYMBBT,3107129
SDWAYPIK,BJALXPFS,284681
XUOIQPFL,UQYUIVVR,7144424
UIFPPCLR,FTSVTTSR,320781
QKXNTIIB,ELQGMQWE,815744
ELQGMQWE,APQGTRMF,170524
ANWUJOKX,KEUWZRKO,480555
VBYCLTYZ,BUZIIBYG,14526705
JSLXRQOK,UIFPPCLR,237802
TGOELCAG,ATLDMDBO,43517051
JERHKLYW,UGEQLMXM,324118
PYZMVUWD,JBVHSUWY,494953
LUENUFGA,AXULOHBQ,177936
ANWUJOKX,SNHYOVBM,365261
DUCMGGNW,JSLXRQOK,148316
YSYHGLQK,LTOYKIML,556863
JBVHSUWY,QSDCUCLB,138108
ZCELVYQU,UQYUIVVR,7147940
FQCLOEXA,YSYHGLQK,141022
HCDTGMST,ZGJXVMNI,2474652
HXYSSRXE,AANGBULD,579356
LUENUFGA,NZKBIBNU,381442
DBWLZWNK,VWMBASNE,233720
SNHYOVBM,UGEQLMXM,324036
OXKURKXR,XIIEJNEE,178101
KEUWZRKO,RCBZUSIM,145066
WQMVCOEM,PYZMVUWD,143270
ZGJXVMNI,LSOIUSXD,363659
LPHPPJUG,QSDCUCLB,136303
SAAYMURU,KFQSHBNH,10064732
UGEQLMXM,RJCAXSGH,4640692
FQCLOEXA,UXSPKBJR,609681
BSRMSVTC,OXKURKXR,232125
ZXERAXWP,SUOYXCHP,138438
CCLHWFWF,ZCELVYQU,306820
UQYUIVVR,FITUEHWN,204491
JPBRUTWP,SUOYXCHP,130627
VMAQSTJE,JERHKLYW,151312
VBYCLTYZ,JERHKLYW,151033
QRKRBYJL,DJBLNPNC,132827
LPHPPJUG,FDXPMYGF,138460
OXKURKXR,AANGBULD,589578
TANNMIMB,FRHNWLNI,926108
ZGJXVMNI,VMAQSTJE,157027
RUVXNNVA,BUZIIBYG,14526831
XIPPENFQ,LTOYKIML,556642
AANGBULD,XIIEJNEE,178181
FCYBOAXC,IGDVVKUD,0
BEZYMBBT,WQMVCOEM,135133
UXSPKBJR,OGAFEHLU,137490
OGAFEHLU,XIPPENFQ,260898
VBYCLTYZ,LUENUFGA,3516671
ZKENOUDA,LTOYKIML,556349
DEWLVASR,LTOYKIML,556303
XIIEJNEE,OXKURKXR,232232
ZKENOUDA,DBWLZWNK,289316
KJNSOAHR,FQCLOEXA,2108861
DJBLNPNC,OJIFIHMZ,3058749
DEWLVASR,DBWLZWNK,289372
EVBVXETX,FWUCPMMW,143228
SAAYMURU,AXULOHBQ,190040
XUOIQPFL,AANGBULD,586061
SAAYMURU,DEWLVASR,562607
JERHKLYW,UXSPKBJR,612035
FCYBOAXC,BTMOEMEP,14439010
XIPPENFQ,KEUWZRKO,480440
HCDTGMST,OJIFIHMZ,3058669
BSRMSVTC,BUZIIBYG,14526628
ZGJXVMNI,STZDBITS,22038862
MBSBZBXA,AANGBULD,574787
GIKPEWTY,XIIEJNEE,178242
LPHPPJUG,MBSBZBXA,4794958
TANNMIMB,RAWUKQMJ,3842128
AXULOHBQ,VUAFAIYJ,829761
WPQXWHYO,KEUWZRKO,466685
BUZIIBYG,LUENUFGA,3486349
DBWLZWNK,WQMVCOEM,142209
NZKBIBNU,SUOYXCHP,137927
HCDTGMST,HXYSSRXE,4867420
JPBRUTWP,WQMVCOEM,135352
SNHYOVBM,HCDTGMST,175147
NAQIHUKZ,FQCLOEXA,2129171
ZCELVYQU,BTMOEMEP,14632409
LRVGFDFM,NZKBIBNU,367200
SDWAYPIK,UQYUIVVR,7139281
OKMBFVKS,OXKURKXR,228814
QSDCUCLB,UXSPKBJR,612043
RCBZUSIM,UGEQLMXM,324117
XIFHSOWQ,KJNSOAHR,14340827
SAAYMURU,GKQIJYDH,7678147
VBYCLTYZ,SAHWCZNH,1823972
GKQIJYDH,UQYUIVVR,7138458
UQYUIVVR,DUCMGGNW,849259
AANGBULD,BEZYMBBT,3123314
GYHKIVQT,XIFHSOWQ,156467
LSOIUSXD,FITUEHWN,207410
NAQIHUKZ,VUAFAIYJ,829810
UIFPPCLR,WBLJNPZQ,294483
LSOIUSXD,OXKURKXR,232073
YSYHGLQK,BEZYMBBT,3124014
JERHKLYW,ATLDMDBO,43517029
LPHPPJUG,GMBFCMIU,136298
QRKRBYJL,VUAFAIYJ,827642
AHMDUILJ,DBWLZWNK,289841
QVLMOEYE,FWUCPMMW,150053
PYZMVUWD,SDWAYPIK,5832093
LLHREMKS,BUZIIBYG,14526724
MBSBZBXA,LUENUFGA,3513294
VUAFAIYJ,XMKRPGLB,1169007
QRKRBYJL,ELQGMQWE,811469
WPQXWHYO,LTOYKIML,536950
EVBVXETX,GMBFCMIU,129526
GIKPEWTY,FQCLOEXA,2129171
QRKRBYJL,JERHKLYW,149232
ROACSLMG,WHPUAOID,165598
JSLXRQOK,CCLHWFWF,15417503
OXKURKXR,DBWLZWNK,289830
XIPPENFQ,DNMPSKTB,4928487
HCDTGMST,QRKRBYJL,2307626
SAAYMURU,DDEXPPXU,151337
BUZIIBYG,BJALXPFS,266504
JBVHSUWY,GIKPEWTY,137816
FCYBOAXC,FQCLOEXA,1961331
VUAFAIYJ,QVLMOEYE,1086195
MBSBZBXA,QVLMOEYE,1080317
FQCLOEXA,LSOIUSXD,363468
ROACSLMG,FRHNWLNI,922694
VWMBASNE,WHPUAOID,168404
AHMDUILJ,SAAYMURU,165770
RAWUKQMJ,ZXERAXWP,159147
AHMDUILJ,TGOELCAG,357269
BLANHGYY,SDWAYPIK,5832100
OJIFIHMZ,QJQJSWFU,246674
ELQGMQWE,SAHWCZNH,1824201
DDEXPPXU,EVBVXETX,4935165
BEZYMBBT,UXSPKBJR,607155
LSOIUSXD,JERHKLYW,151326
SNHYOVBM,QKXNTIIB,1609726
QVLMOEYE,RJCAXSGH,4639361
VWMBASNE,KJNSOAHR,14340677
BJALXPFS,HXYSSRXE,4867634
FRHNWLNI,WBLJNPZQ,292034
UQYUIVVR,KAGJCHMR,140612
BUZIIBYG,EVBVXETX,4913549
KJNSOAHR,ROACSLMG,2256973
OGAFEHLU,BUZIIBYG,14526831
FQCLOEXA,KJNSOAHR,14338841
FWUCPMMW,BJALXPFS,289968
RAWUKQMJ,JPBRUTWP,5691346
ELQGMQWE,SUOYXCHP,137713
UIFPPCLR,DNMPSKTB,4928666
APQGTRMF,SNHYOVBM,365255
SAHWCZNH,VBYCLTYZ,625261
APQGTRMF,BLANHGYY,186159
NAQIHUKZ,DUCMGGNW,852248
HXYSSRXE,QJQJSWFU,243034
QVLMOEYE,FCYBOAXC,105453568
UXSPKBJR,QSDCUCLB,137523
BEZYMBBT,FITUEHWN,201516
SDWAYPIK,EVBVXETX,4929905
DDEXPPXU,QJQJSWFU,253295
AANGBULD,LUENUFGA,3517613
KAGJCHMR,FTSVTTSR,320717
LSOIUSXD,LTOYKIML,556615
